Truck ID,Status,Loader ID,Start Time,End Time,Duration (min)
0,Движение на погрузку,,2024-01-01 06:30,2024-01-01 07:06,36.0
1,Движение на погрузку,,2024-01-01 06:30,2024-01-01 07:07,37.0
2,Движение на погрузку,,2024-01-01 06:30,2024-01-01 07:08,38.0
3,Движение на погрузку,,2024-01-01 06:30,2024-01-01 07:09,39.0
4,Движение на погрузку,,2024-01-01 06:30,2024-01-01 07:12,42.0
5,Движение на погрузку,,2024-01-01 06:30,2024-01-01 07:12,42.0
6,Движение на погрузку,,2024-01-01 06:30,2024-01-01 07:08,38.0
7,Движение на погрузку,,2024-01-01 06:30,2024-01-01 07:10,40.0
8,Движение на погрузку,,2024-01-01 06:30,2024-01-01 07:10,40.0
9,Движение на погрузку,,2024-01-01 06:30,2024-01-01 07:06,36.0
10,Движение на погрузку,,2024-01-01 06:30,2024-01-01 07:06,36.0
11,Движение на погрузку,,2024-01-01 06:30,2024-01-01 07:07,37.0
12,Движение на погрузку,,2024-01-01 06:30,2024-01-01 07:10,40.0
13,Движение на погрузку,,2024-01-01 06:30,2024-01-01 07:06,36.0
14,Движение на погрузку,,2024-01-01 06:30,2024-01-01 07:05,35.0
15,Движение на погрузку,,2024-01-01 06:30,2024-01-01 07:11,41.0
16,Движение на погрузку,,2024-01-01 06:30,2024-01-01 07:11,41.0
17,Движение на погрузку,,2024-01-01 06:30,2024-01-01 07:06,36.0
18,Движение на погрузку,,2024-01-01 06:30,2024-01-01 07:08,38.0
19,Движение на погрузку,,2024-01-01 06:30,2024-01-01 07:08,38.0
20,Движение на погрузку,,2024-01-01 06:30,2024-01-01 07:10,40.0
21,Движение на погрузку,,2024-01-01 06:30,2024-01-01 07:10,40.0
22,Движение на погрузку,,2024-01-01 06:30,2024-01-01 07:12,42.0
23,Движение на погрузку,,2024-01-01 06:30,2024-01-01 07:10,40.0
24,Движение на погрузку,,2024-01-01 06:30,2024-01-01 07:11,41.0
25,Движение на погрузку,,2024-01-01 06:30,2024-01-01 07:09,39.0
26,Движение на погрузку,,2024-01-01 06:30,2024-01-01 07:12,42.0
27,Движение на погрузку,,2024-01-01 06:30,2024-01-01 07:08,38.0
28,Движение на погрузку,,2024-01-01 06:30,2024-01-01 07:12,42.0
29,Движение на погрузку,,2024-01-01 06:30,2024-01-01 07:10,40.0
30,Движение на погрузку,,2024-01-01 06:30,2024-01-01 07:06,36.0
31,Движение на погрузку,,2024-01-01 06:30,2024-01-01 07:08,38.0
32,Движение на погрузку,,2024-01-01 06:30,2024-01-01 07:05,35.0
33,Движение на погрузку,,2024-01-01 06:30,2024-01-01 07:12,42.0
34,Движение на погрузку,,2024-01-01 06:30,2024-01-01 07:06,36.0
35,Движение на погрузку,,2024-01-01 06:30,2024-01-01 07:09,39.0
14,Ожидание погрузки,0,2024-01-01 07:05,2024-01-01 07:05,0.0
14,Погрузка,0,2024-01-01 07:05,2024-01-01 07:10,5.0
14,Движение на разгрузку,,2024-01-01 07:10,2024-01-01 07:52,42.0
32,Ожидание погрузки,0,2024-01-01 07:05,2024-01-01 07:10,5.0
32,Погрузка,0,2024-01-01 07:10,2024-01-01 07:15,5.0
32,Движение на разгрузку,,2024-01-01 07:15,2024-01-01 07:54,39.0
34,Ожидание погрузки,0,2024-01-01 07:06,2024-01-01 07:15,9.0
34,Погрузка,0,2024-01-01 07:15,2024-01-01 07:20,5.0
34,Движение на разгрузку,,2024-01-01 07:20,2024-01-01 08:01,41.0
10,Ожидание погрузки,0,2024-01-01 07:06,2024-01-01 07:20,14.0
10,Погрузка,0,2024-01-01 07:20,2024-01-01 07:25,5.0
10,Движение на разгрузку,,2024-01-01 07:25,2024-01-01 08:01,36.0
9,Ожидание погрузки,0,2024-01-01 07:06,2024-01-01 07:25,19.0
9,Погрузка,0,2024-01-01 07:25,2024-01-01 07:30,5.0
9,Движение на разгрузку,,2024-01-01 07:30,2024-01-01 08:10,40.0
30,Ожидание погрузки,0,2024-01-01 07:06,2024-01-01 07:30,24.0
30,Погрузка,0,2024-01-01 07:30,2024-01-01 07:35,5.0
30,Движение на разгрузку,,2024-01-01 07:35,2024-01-01 08:16,41.0
13,Ожидание погрузки,0,2024-01-01 07:06,2024-01-01 07:35,29.0
13,Погрузка,0,2024-01-01 07:35,2024-01-01 07:40,5.0
13,Движение на разгрузку,,2024-01-01 07:40,2024-01-01 08:16,36.0
0,Ожидание погрузки,0,2024-01-01 07:06,2024-01-01 07:40,34.0
0,Погрузка,0,2024-01-01 07:40,2024-01-01 07:45,5.0
0,Движение на разгрузку,,2024-01-01 07:45,2024-01-01 08:21,36.0
17,Ожидание погрузки,0,2024-01-01 07:06,2024-01-01 07:45,39.0
17,Погрузка,0,2024-01-01 07:45,2024-01-01 07:50,5.0
17,Движение на разгрузку,,2024-01-01 07:50,2024-01-01 08:26,36.0
14,Движение на погрузку,,2024-01-01 07:52,2024-01-01 08:31,39.0
32,Движение на погрузку,,2024-01-01 07:54,2024-01-01 08:31,37.0
1,Ожидание погрузки,0,2024-01-01 07:07,2024-01-01 07:50,43.0
1,Погрузка,0,2024-01-01 07:50,2024-01-01 07:55,5.0
1,Движение на разгрузку,,2024-01-01 07:55,2024-01-01 08:36,41.0
11,Ожидание погрузки,0,2024-01-01 07:07,2024-01-01 07:55,48.0
11,Погрузка,0,2024-01-01 07:55,2024-01-01 08:00,5.0
11,Движение на разгрузку,,2024-01-01 08:00,2024-01-01 08:37,37.0
34,Движение на погрузку,,2024-01-01 08:01,2024-01-01 08:38,37.0
10,Движение на погрузку,,2024-01-01 08:01,2024-01-01 08:41,40.0
6,Ожидание погрузки,0,2024-01-01 07:08,2024-01-01 08:00,52.0
6,Погрузка,0,2024-01-01 08:00,2024-01-01 08:05,5.0
6,Движение на разгрузку,,2024-01-01 08:05,2024-01-01 08:47,42.0
19,Ожидание погрузки,0,2024-01-01 07:08,2024-01-01 08:05,57.0
19,Погрузка,0,2024-01-01 08:05,2024-01-01 08:10,5.0
19,Движение на разгрузку,,2024-01-01 08:10,2024-01-01 08:47,37.0
9,Движение на погрузку,,2024-01-01 08:10,2024-01-01 08:51,41.0
18,Ожидание погрузки,0,2024-01-01 07:08,2024-01-01 08:10,62.0
18,Погрузка,0,2024-01-01 08:10,2024-01-01 08:15,5.0
18,Движение на разгрузку,,2024-01-01 08:15,2024-01-01 08:57,42.0
13,Движение на погрузку,,2024-01-01 08:16,2024-01-01 08:53,37.0
30,Движение на погрузку,,2024-01-01 08:16,2024-01-01 08:54,38.0
2,Ожидание погрузки,0,2024-01-01 07:08,2024-01-01 08:15,67.0
2,Погрузка,0,2024-01-01 08:15,2024-01-01 08:20,5.0
2,Движение на разгрузку,,2024-01-01 08:20,2024-01-01 08:59,39.0
0,Движение на погрузку,,2024-01-01 08:21,2024-01-01 09:03,42.0
27,Ожидание погрузки,0,2024-01-01 07:08,2024-01-01 08:20,72.0
27,Погрузка,0,2024-01-01 08:20,2024-01-01 08:25,5.0
27,Движение на разгрузку,,2024-01-01 08:25,2024-01-01 09:06,41.0
17,Движение на погрузку,,2024-01-01 08:26,2024-01-01 09:06,40.0
31,Ожидание погрузки,0,2024-01-01 07:08,2024-01-01 08:25,77.0
31,Погрузка,0,2024-01-01 08:25,2024-01-01 08:30,5.0
31,Движение на разгрузку,,2024-01-01 08:30,2024-01-01 09:09,39.0
3,Ожидание погрузки,0,2024-01-01 07:09,2024-01-01 08:30,81.0
3,Погрузка,0,2024-01-01 08:30,2024-01-01 08:35,5.0
3,Движение на разгрузку,,2024-01-01 08:35,2024-01-01 09:13,38.0
1,Движение на погрузку,,2024-01-01 08:36,2024-01-01 09:15,39.0
11,Движение на погрузку,,2024-01-01 08:37,2024-01-01 09:12,35.0
25,Ожидание погрузки,0,2024-01-01 07:09,2024-01-01 08:35,86.0
25,Погрузка,0,2024-01-01 08:35,2024-01-01 08:40,5.0
25,Движение на разгрузку,,2024-01-01 08:40,2024-01-01 09:19,39.0
35,Ожидание погрузки,0,2024-01-01 07:09,2024-01-01 08:40,91.0
35,Погрузка,0,2024-01-01 08:40,2024-01-01 08:45,5.0
35,Движение на разгрузку,,2024-01-01 08:45,2024-01-01 09:21,36.0
6,Движение на погрузку,,2024-01-01 08:47,2024-01-01 09:27,40.0
19,Движение на погрузку,,2024-01-01 08:47,2024-01-01 09:24,37.0
12,Ожидание погрузки,0,2024-01-01 07:10,2024-01-01 08:45,95.0
12,Погрузка,0,2024-01-01 08:45,2024-01-01 08:50,5.0
12,Движение на разгрузку,,2024-01-01 08:50,2024-01-01 09:30,40.0
8,Ожидание погрузки,0,2024-01-01 07:10,2024-01-01 08:50,100.0
8,Погрузка,0,2024-01-01 08:50,2024-01-01 08:55,5.0
8,Движение на разгрузку,,2024-01-01 08:55,2024-01-01 09:32,37.0
18,Движение на погрузку,,2024-01-01 08:57,2024-01-01 09:37,40.0
2,Движение на погрузку,,2024-01-01 08:59,2024-01-01 09:41,42.0
29,Ожидание погрузки,0,2024-01-01 07:10,2024-01-01 08:55,105.0
29,Погрузка,0,2024-01-01 08:55,2024-01-01 09:00,5.0
29,Движение на разгрузку,,2024-01-01 09:00,2024-01-01 09:40,40.0
23,Ожидание погрузки,0,2024-01-01 07:10,2024-01-01 09:00,110.0
23,Погрузка,0,2024-01-01 09:00,2024-01-01 09:05,5.0
23,Движение на разгрузку,,2024-01-01 09:05,2024-01-01 09:47,42.0
27,Движение на погрузку,,2024-01-01 09:06,2024-01-01 09:49,43.0
31,Движение на погрузку,,2024-01-01 09:09,2024-01-01 09:49,40.0
20,Ожидание погрузки,0,2024-01-01 07:10,2024-01-01 09:05,115.0
20,Погрузка,0,2024-01-01 09:05,2024-01-01 09:10,5.0
20,Движение на разгрузку,,2024-01-01 09:10,2024-01-01 09:48,38.0
3,Движение на погрузку,,2024-01-01 09:13,2024-01-01 09:51,38.0
21,Ожидание погрузки,0,2024-01-01 07:10,2024-01-01 09:10,120.0
21,Погрузка,0,2024-01-01 09:10,2024-01-01 09:15,5.0
21,Движение на разгрузку,,2024-01-01 09:15,2024-01-01 09:56,41.0
25,Движение на погрузку,,2024-01-01 09:19,2024-01-01 09:57,38.0
7,Ожидание погрузки,0,2024-01-01 07:10,2024-01-01 09:15,125.0
7,Погрузка,0,2024-01-01 09:15,2024-01-01 09:20,5.0
7,Движение на разгрузку,,2024-01-01 09:20,2024-01-01 09:58,38.0
35,Движение на погрузку,,2024-01-01 09:21,2024-01-01 10:00,39.0
15,Ожидание погрузки,0,2024-01-01 07:11,2024-01-01 09:20,129.0
15,Погрузка,0,2024-01-01 09:20,2024-01-01 09:25,5.0
15,Движение на разгрузку,,2024-01-01 09:25,2024-01-01 10:06,41.0
12,Движение на погрузку,,2024-01-01 09:30,2024-01-01 10:08,38.0
24,Ожидание погрузки,0,2024-01-01 07:11,2024-01-01 09:25,134.0
24,Погрузка,0,2024-01-01 09:25,2024-01-01 09:30,5.0
24,Движение на разгрузку,,2024-01-01 09:30,2024-01-01 10:09,39.0
8,Движение на погрузку,,2024-01-01 09:32,2024-01-01 10:09,37.0
16,Ожидание погрузки,0,2024-01-01 07:11,2024-01-01 09:30,139.0
16,Погрузка,0,2024-01-01 09:30,2024-01-01 09:35,5.0
16,Движение на разгрузку,,2024-01-01 09:35,2024-01-01 10:14,39.0
29,Движение на погрузку,,2024-01-01 09:40,2024-01-01 10:17,37.0
28,Ожидание погрузки,0,2024-01-01 07:12,2024-01-01 09:35,143.0
28,Погрузка,0,2024-01-01 09:35,2024-01-01 09:40,5.0
28,Движение на разгрузку,,2024-01-01 09:40,2024-01-01 10:16,36.0
4,Ожидание погрузки,0,2024-01-01 07:12,2024-01-01 09:40,148.0
4,Погрузка,0,2024-01-01 09:40,2024-01-01 09:45,5.0
4,Движение на разгрузку,,2024-01-01 09:45,2024-01-01 10:24,39.0
23,Движение на погрузку,,2024-01-01 09:47,2024-01-01 10:28,41.0
20,Движение на погрузку,,2024-01-01 09:48,2024-01-01 10:24,36.0
33,Ожидание погрузки,0,2024-01-01 07:12,2024-01-01 09:45,153.0
33,Погрузка,0,2024-01-01 09:45,2024-01-01 09:50,5.0
33,Движение на разгрузку,,2024-01-01 09:50,2024-01-01 10:26,36.0
5,Ожидание погрузки,0,2024-01-01 07:12,2024-01-01 09:50,158.0
5,Погрузка,0,2024-01-01 09:50,2024-01-01 09:55,5.0
5,Движение на разгрузку,,2024-01-01 09:55,2024-01-01 10:35,40.0
21,Движение на погрузку,,2024-01-01 09:56,2024-01-01 10:36,40.0
7,Движение на погрузку,,2024-01-01 09:58,2024-01-01 10:37,39.0
26,Ожидание погрузки,0,2024-01-01 07:12,2024-01-01 09:55,163.0
26,Погрузка,0,2024-01-01 09:55,2024-01-01 10:00,5.0
26,Движение на разгрузку,,2024-01-01 10:00,2024-01-01 10:36,36.0
22,Ожидание погрузки,0,2024-01-01 07:12,2024-01-01 10:00,168.0
22,Погрузка,0,2024-01-01 10:00,2024-01-01 10:05,5.0
22,Движение на разгрузку,,2024-01-01 10:05,2024-01-01 10:47,42.0
15,Движение на погрузку,,2024-01-01 10:06,2024-01-01 10:47,41.0
24,Движение на погрузку,,2024-01-01 10:09,2024-01-01 10:47,38.0
32,Ожидание погрузки,0,2024-01-01 08:31,2024-01-01 10:05,94.0
32,Погрузка,0,2024-01-01 10:05,2024-01-01 10:10,5.0
32,Движение на разгрузку,,2024-01-01 10:10,2024-01-01 10:48,38.0
16,Движение на погрузку,,2024-01-01 10:14,2024-01-01 10:49,35.0
14,Ожидание погрузки,0,2024-01-01 08:31,2024-01-01 10:10,99.0
14,Погрузка,0,2024-01-01 10:10,2024-01-01 10:15,5.0
14,Движение на разгрузку,,2024-01-01 10:15,2024-01-01 10:52,37.0
28,Движение на погрузку,,2024-01-01 10:16,2024-01-01 10:57,41.0
34,Ожидание погрузки,0,2024-01-01 08:38,2024-01-01 10:15,97.0
34,Погрузка,0,2024-01-01 10:15,2024-01-01 10:20,5.0
34,Движение на разгрузку,,2024-01-01 10:20,2024-01-01 10:59,39.0
4,Движение на погрузку,,2024-01-01 10:24,2024-01-01 11:07,43.0
10,Ожидание погрузки,0,2024-01-01 08:41,2024-01-01 10:20,99.0
10,Погрузка,0,2024-01-01 10:20,2024-01-01 10:25,5.0
10,Движение на разгрузку,,2024-01-01 10:25,2024-01-01 11:01,36.0
33,Движение на погрузку,,2024-01-01 10:26,2024-01-01 11:08,42.0
9,Ожидание погрузки,0,2024-01-01 08:51,2024-01-01 10:25,94.0
9,Погрузка,0,2024-01-01 10:25,2024-01-01 10:30,5.0
9,Движение на разгрузку,,2024-01-01 10:30,2024-01-01 11:08,38.0
13,Ожидание погрузки,0,2024-01-01 08:53,2024-01-01 10:30,97.0
13,Погрузка,0,2024-01-01 10:30,2024-01-01 10:35,5.0
13,Движение на разгрузку,,2024-01-01 10:35,2024-01-01 11:14,39.0
5,Движение на погрузку,,2024-01-01 10:35,2024-01-01 11:15,40.0
26,Движение на погрузку,,2024-01-01 10:36,2024-01-01 11:17,41.0
30,Ожидание погрузки,0,2024-01-01 08:54,2024-01-01 10:35,101.0
30,Погрузка,0,2024-01-01 10:35,2024-01-01 10:40,5.0
30,Движение на разгрузку,,2024-01-01 10:40,2024-01-01 11:21,41.0
0,Ожидание погрузки,0,2024-01-01 09:03,2024-01-01 10:40,97.0
0,Погрузка,0,2024-01-01 10:40,2024-01-01 10:45,5.0
0,Движение на разгрузку,,2024-01-01 10:45,2024-01-01 11:22,37.0
22,Движение на погрузку,,2024-01-01 10:47,2024-01-01 11:25,38.0
32,Движение на погрузку,,2024-01-01 10:48,2024-01-01 11:25,37.0
17,Ожидание погрузки,0,2024-01-01 09:06,2024-01-01 10:45,99.0
17,Погрузка,0,2024-01-01 10:45,2024-01-01 10:50,5.0
17,Движение на разгрузку,,2024-01-01 10:50,2024-01-01 11:27,37.0
14,Движение на погрузку,,2024-01-01 10:52,2024-01-01 11:28,36.0
11,Ожидание погрузки,0,2024-01-01 09:12,2024-01-01 10:50,98.0
11,Погрузка,0,2024-01-01 10:50,2024-01-01 10:55,5.0
11,Движение на разгрузку,,2024-01-01 10:55,2024-01-01 11:31,36.0
34,Движение на погрузку,,2024-01-01 10:59,2024-01-01 11:41,42.0
1,Ожидание погрузки,0,2024-01-01 09:15,2024-01-01 10:55,100.0
1,Погрузка,0,2024-01-01 10:55,2024-01-01 11:00,5.0
1,Движение на разгрузку,,2024-01-01 11:00,2024-01-01 11:40,40.0
10,Движение на погрузку,,2024-01-01 11:01,2024-01-01 11:41,40.0
19,Ожидание погрузки,0,2024-01-01 09:24,2024-01-01 11:00,96.0
19,Погрузка,0,2024-01-01 11:00,2024-01-01 11:05,5.0
19,Движение на разгрузку,,2024-01-01 11:05,2024-01-01 11:44,39.0
9,Движение на погрузку,,2024-01-01 11:08,2024-01-01 11:45,37.0
6,Ожидание погрузки,0,2024-01-01 09:27,2024-01-01 11:05,98.0
6,Погрузка,0,2024-01-01 11:05,2024-01-01 11:10,5.0
6,Движение на разгрузку,,2024-01-01 11:10,2024-01-01 11:48,38.0
13,Движение на погрузку,,2024-01-01 11:14,2024-01-01 11:56,42.0
18,Ожидание погрузки,0,2024-01-01 09:37,2024-01-01 11:10,93.0
18,Погрузка,0,2024-01-01 11:10,2024-01-01 11:15,5.0
18,Движение на разгрузку,,2024-01-01 11:15,2024-01-01 11:55,40.0
2,Ожидание погрузки,0,2024-01-01 09:41,2024-01-01 11:15,94.0
2,Погрузка,0,2024-01-01 11:15,2024-01-01 11:20,5.0
2,Движение на разгрузку,,2024-01-01 11:20,2024-01-01 12:00,40.0
30,Движение на погрузку,,2024-01-01 11:21,2024-01-01 12:03,42.0
0,Движение на погрузку,,2024-01-01 11:22,2024-01-01 12:02,40.0
27,Ожидание погрузки,0,2024-01-01 09:49,2024-01-01 11:20,91.0
27,Погрузка,0,2024-01-01 11:20,2024-01-01 11:25,5.0
27,Движение на разгрузку,,2024-01-01 11:25,2024-01-01 12:04,39.0
17,Движение на погрузку,,2024-01-01 11:27,2024-01-01 12:06,39.0
31,Ожидание погрузки,0,2024-01-01 09:49,2024-01-01 11:25,96.0
31,Погрузка,0,2024-01-01 11:25,2024-01-01 11:30,5.0
31,Движение на разгрузку,,2024-01-01 11:30,2024-01-01 12:08,38.0
11,Движение на погрузку,,2024-01-01 11:31,2024-01-01 12:08,37.0
3,Ожидание погрузки,0,2024-01-01 09:51,2024-01-01 11:30,99.0
3,Погрузка,0,2024-01-01 11:30,2024-01-01 11:35,5.0
3,Движение на разгрузку,,2024-01-01 11:35,2024-01-01 12:13,38.0
1,Движение на погрузку,,2024-01-01 11:40,2024-01-01 12:19,39.0
25,Ожидание погрузки,0,2024-01-01 09:57,2024-01-01 11:35,98.0
25,Погрузка,0,2024-01-01 11:35,2024-01-01 11:40,5.0
25,Движение на разгрузку,,2024-01-01 11:40,2024-01-01 12:17,37.0
19,Движение на погрузку,,2024-01-01 11:44,2024-01-01 12:25,41.0
35,Ожидание погрузки,0,2024-01-01 10:00,2024-01-01 11:40,100.0
35,Погрузка,0,2024-01-01 11:40,2024-01-01 11:45,5.0
35,Движение на разгрузку,,2024-01-01 11:45,2024-01-01 12:25,40.0
6,Движение на погрузку,,2024-01-01 11:48,2024-01-01 12:27,39.0
12,Ожидание погрузки,0,2024-01-01 10:08,2024-01-01 11:45,97.0
12,Погрузка,0,2024-01-01 11:45,2024-01-01 11:50,5.0
12,Движение на разгрузку,,2024-01-01 11:50,2024-01-01 12:29,39.0
8,Ожидание погрузки,0,2024-01-01 10:09,2024-01-01 11:50,101.0
8,Погрузка,0,2024-01-01 11:50,2024-01-01 11:55,5.0
8,Движение на разгрузку,,2024-01-01 11:55,2024-01-01 12:38,43.0
18,Движение на погрузку,,2024-01-01 11:55,2024-01-01 12:35,40.0
2,Движение на погрузку,,2024-01-01 12:00,2024-01-01 12:40,40.0
29,Ожидание погрузки,0,2024-01-01 10:17,2024-01-01 11:55,98.0
29,Погрузка,0,2024-01-01 11:55,2024-01-01 12:00,5.0
29,Движение на разгрузку,,2024-01-01 12:00,2024-01-01 12:43,43.0
27,Движение на погрузку,,2024-01-01 12:04,2024-01-01 12:41,37.0
20,Ожидание погрузки,0,2024-01-01 10:24,2024-01-01 12:00,96.0
20,Погрузка,0,2024-01-01 12:00,2024-01-01 12:05,5.0
20,Движение на разгрузку,,2024-01-01 12:05,2024-01-01 12:47,42.0
31,Движение на погрузку,,2024-01-01 12:08,2024-01-01 12:46,38.0
23,Ожидание погрузки,0,2024-01-01 10:28,2024-01-01 12:05,97.0
23,Погрузка,0,2024-01-01 12:05,2024-01-01 12:10,5.0
23,Движение на разгрузку,,2024-01-01 12:10,2024-01-01 12:46,36.0
3,Движение на погрузку,,2024-01-01 12:13,2024-01-01 12:55,42.0
21,Ожидание погрузки,0,2024-01-01 10:36,2024-01-01 12:10,94.0
21,Погрузка,0,2024-01-01 12:10,2024-01-01 12:15,5.0
21,Движение на разгрузку,,2024-01-01 12:15,2024-01-01 12:51,36.0
25,Движение на погрузку,,2024-01-01 12:17,2024-01-01 13:00,43.0
7,Ожидание погрузки,0,2024-01-01 10:37,2024-01-01 12:15,98.0
7,Погрузка,0,2024-01-01 12:15,2024-01-01 12:20,5.0
7,Движение на разгрузку,,2024-01-01 12:20,2024-01-01 12:56,36.0
35,Движение на погрузку,,2024-01-01 12:25,2024-01-01 13:01,36.0
24,Ожидание погрузки,0,2024-01-01 10:47,2024-01-01 12:20,93.0
24,Погрузка,0,2024-01-01 12:20,2024-01-01 12:25,5.0
24,Движение на разгрузку,,2024-01-01 12:25,2024-01-01 13:07,42.0
12,Движение на погрузку,,2024-01-01 12:29,2024-01-01 13:05,36.0
15,Ожидание погрузки,0,2024-01-01 10:47,2024-01-01 12:25,98.0
15,Погрузка,0,2024-01-01 12:25,2024-01-01 12:30,5.0
15,Движение на разгрузку,,2024-01-01 12:30,2024-01-01 13:10,40.0
16,Ожидание погрузки,0,2024-01-01 10:49,2024-01-01 12:30,101.0
16,Погрузка,0,2024-01-01 12:30,2024-01-01 12:35,5.0
16,Движение на разгрузку,,2024-01-01 12:35,2024-01-01 13:14,39.0
8,Движение на погрузку,,2024-01-01 12:38,2024-01-01 13:18,40.0
28,Ожидание погрузки,0,2024-01-01 10:57,2024-01-01 12:35,98.0
28,Погрузка,0,2024-01-01 12:35,2024-01-01 12:40,5.0
28,Движение на разгрузку,,2024-01-01 12:40,2024-01-01 13:23,43.0
29,Движение на погрузку,,2024-01-01 12:43,2024-01-01 13:19,36.0
4,Ожидание погрузки,0,2024-01-01 11:07,2024-01-01 12:40,93.0
4,Погрузка,0,2024-01-01 12:40,2024-01-01 12:45,5.0
4,Движение на разгрузку,,2024-01-01 12:45,2024-01-01 13:26,41.0
23,Движение на погрузку,,2024-01-01 12:46,2024-01-01 13:23,37.0
20,Движение на погрузку,,2024-01-01 12:47,2024-01-01 13:25,38.0
33,Ожидание погрузки,0,2024-01-01 11:08,2024-01-01 12:45,97.0
33,Погрузка,0,2024-01-01 12:45,2024-01-01 12:50,5.0
33,Движение на разгрузку,,2024-01-01 12:50,2024-01-01 13:29,39.0
21,Движение на погрузку,,2024-01-01 12:51,2024-01-01 13:30,39.0
5,Ожидание погрузки,0,2024-01-01 11:15,2024-01-01 12:50,95.0
5,Погрузка,0,2024-01-01 12:50,2024-01-01 12:55,5.0
5,Движение на разгрузку,,2024-01-01 12:55,2024-01-01 13:33,38.0
7,Движение на погрузку,,2024-01-01 12:56,2024-01-01 13:37,41.0
26,Ожидание погрузки,0,2024-01-01 11:17,2024-01-01 12:55,98.0
26,Погрузка,0,2024-01-01 12:55,2024-01-01 13:00,5.0
26,Движение на разгрузку,,2024-01-01 13:00,2024-01-01 13:40,40.0
22,Ожидание погрузки,0,2024-01-01 11:25,2024-01-01 13:00,95.0
22,Погрузка,0,2024-01-01 13:00,2024-01-01 13:05,5.0
22,Движение на разгрузку,,2024-01-01 13:05,2024-01-01 13:45,40.0
24,Движение на погрузку,,2024-01-01 13:07,2024-01-01 13:43,36.0
15,Движение на погрузку,,2024-01-01 13:10,2024-01-01 13:50,40.0
32,Ожидание погрузки,0,2024-01-01 11:25,2024-01-01 13:05,100.0
32,Погрузка,0,2024-01-01 13:05,2024-01-01 13:10,5.0
32,Движение на разгрузку,,2024-01-01 13:10,2024-01-01 13:51,41.0
16,Движение на погрузку,,2024-01-01 13:14,2024-01-01 13:52,38.0
14,Ожидание погрузки,0,2024-01-01 11:28,2024-01-01 13:10,102.0
14,Погрузка,0,2024-01-01 13:10,2024-01-01 13:15,5.0
14,Движение на разгрузку,,2024-01-01 13:15,2024-01-01 13:53,38.0
34,Ожидание погрузки,0,2024-01-01 11:41,2024-01-01 13:15,94.0
34,Погрузка,0,2024-01-01 13:15,2024-01-01 13:20,5.0
34,Движение на разгрузку,,2024-01-01 13:20,2024-01-01 13:58,38.0
28,Движение на погрузку,,2024-01-01 13:23,2024-01-01 13:58,35.0
10,Ожидание погрузки,0,2024-01-01 11:41,2024-01-01 13:20,99.0
10,Погрузка,0,2024-01-01 13:20,2024-01-01 13:25,5.0
10,Движение на разгрузку,,2024-01-01 13:25,2024-01-01 14:07,42.0
4,Движение на погрузку,,2024-01-01 13:26,2024-01-01 14:04,38.0
33,Движение на погрузку,,2024-01-01 13:29,2024-01-01 14:06,37.0
9,Ожидание погрузки,0,2024-01-01 11:45,2024-01-01 13:25,100.0
9,Погрузка,0,2024-01-01 13:25,2024-01-01 13:30,5.0
9,Движение на разгрузку,,2024-01-01 13:30,2024-01-01 14:09,39.0
5,Движение на погрузку,,2024-01-01 13:33,2024-01-01 14:15,42.0
13,Ожидание погрузки,0,2024-01-01 11:56,2024-01-01 13:30,94.0
13,Погрузка,0,2024-01-01 13:30,2024-01-01 13:35,5.0
13,Движение на разгрузку,,2024-01-01 13:35,2024-01-01 14:16,41.0
26,Движение на погрузку,,2024-01-01 13:40,2024-01-01 14:23,43.0
0,Ожидание погрузки,0,2024-01-01 12:02,2024-01-01 13:35,93.0
0,Погрузка,0,2024-01-01 13:35,2024-01-01 13:40,5.0
0,Движение на разгрузку,,2024-01-01 13:40,2024-01-01 14:16,36.0
22,Движение на погрузку,,2024-01-01 13:45,2024-01-01 14:22,37.0
30,Ожидание погрузки,0,2024-01-01 12:03,2024-01-01 13:40,97.0
30,Погрузка,0,2024-01-01 13:40,2024-01-01 13:45,5.0
30,Движение на разгрузку,,2024-01-01 13:45,2024-01-01 14:23,38.0
17,Ожидание погрузки,0,2024-01-01 12:06,2024-01-01 13:45,99.0
17,Погрузка,0,2024-01-01 13:45,2024-01-01 13:50,5.0
17,Движение на разгрузку,,2024-01-01 13:50,2024-01-01 14:31,41.0
32,Движение на погрузку,,2024-01-01 13:51,2024-01-01 14:27,36.0
14,Движение на погрузку,,2024-01-01 13:53,2024-01-01 14:32,39.0
11,Ожидание погрузки,0,2024-01-01 12:08,2024-01-01 13:50,102.0
11,Погрузка,0,2024-01-01 13:50,2024-01-01 13:55,5.0
11,Движение на разгрузку,,2024-01-01 13:55,2024-01-01 14:35,40.0
34,Движение на погрузку,,2024-01-01 13:58,2024-01-01 14:33,35.0
1,Ожидание погрузки,0,2024-01-01 12:19,2024-01-01 13:55,96.0
1,Погрузка,0,2024-01-01 13:55,2024-01-01 14:00,5.0
1,Движение на разгрузку,,2024-01-01 14:00,2024-01-01 14:38,38.0
19,Ожидание погрузки,0,2024-01-01 12:25,2024-01-01 14:00,95.0
19,Погрузка,0,2024-01-01 14:00,2024-01-01 14:05,5.0
19,Движение на разгрузку,,2024-01-01 14:05,2024-01-01 14:44,39.0
10,Движение на погрузку,,2024-01-01 14:07,2024-01-01 14:46,39.0
9,Движение на погрузку,,2024-01-01 14:09,2024-01-01 14:50,41.0
6,Ожидание погрузки,0,2024-01-01 12:27,2024-01-01 14:05,98.0
6,Погрузка,0,2024-01-01 14:05,2024-01-01 14:10,5.0
6,Движение на разгрузку,,2024-01-01 14:10,2024-01-01 14:50,40.0
18,Ожидание погрузки,0,2024-01-01 12:35,2024-01-01 14:10,95.0
18,Погрузка,0,2024-01-01 14:10,2024-01-01 14:15,5.0
18,Движение на разгрузку,,2024-01-01 14:15,2024-01-01 14:56,41.0
0,Движение на погрузку,,2024-01-01 14:16,2024-01-01 14:51,35.0
13,Движение на погрузку,,2024-01-01 14:16,2024-01-01 14:59,43.0
2,Ожидание погрузки,0,2024-01-01 12:40,2024-01-01 14:15,95.0
2,Погрузка,0,2024-01-01 14:15,2024-01-01 14:20,5.0
2,Движение на разгрузку,,2024-01-01 14:20,2024-01-01 15:01,41.0
30,Движение на погрузку,,2024-01-01 14:23,2024-01-01 15:02,39.0
27,Ожидание погрузки,0,2024-01-01 12:41,2024-01-01 14:20,99.0
27,Погрузка,0,2024-01-01 14:20,2024-01-01 14:25,5.0
27,Движение на разгрузку,,2024-01-01 14:25,2024-01-01 15:04,39.0
31,Ожидание погрузки,0,2024-01-01 12:46,2024-01-01 14:25,99.0
31,Погрузка,0,2024-01-01 14:25,2024-01-01 14:30,5.0
31,Движение на разгрузку,,2024-01-01 14:30,2024-01-01 15:07,37.0
17,Движение на погрузку,,2024-01-01 14:31,2024-01-01 15:11,40.0
11,Движение на погрузку,,2024-01-01 14:35,2024-01-01 15:15,40.0
3,Ожидание погрузки,0,2024-01-01 12:55,2024-01-01 14:30,95.0
3,Погрузка,0,2024-01-01 14:30,2024-01-01 14:35,5.0
3,Движение на разгрузку,,2024-01-01 14:35,2024-01-01 15:12,37.0
1,Движение на погрузку,,2024-01-01 14:38,2024-01-01 15:19,41.0
25,Ожидание погрузки,0,2024-01-01 13:00,2024-01-01 14:35,95.0
25,Погрузка,0,2024-01-01 14:35,2024-01-01 14:40,5.0
25,Движение на разгрузку,,2024-01-01 14:40,2024-01-01 15:21,41.0
19,Движение на погрузку,,2024-01-01 14:44,2024-01-01 15:23,39.0
35,Ожидание погрузки,0,2024-01-01 13:01,2024-01-01 14:40,99.0
35,Погрузка,0,2024-01-01 14:40,2024-01-01 14:45,5.0
35,Движение на разгрузку,,2024-01-01 14:45,2024-01-01 15:25,40.0
6,Движение на погрузку,,2024-01-01 14:50,2024-01-01 15:25,35.0
12,Ожидание погрузки,0,2024-01-01 13:05,2024-01-01 14:45,100.0
12,Погрузка,0,2024-01-01 14:45,2024-01-01 14:50,5.0
12,Движение на разгрузку,,2024-01-01 14:50,2024-01-01 15:26,36.0
8,Ожидание погрузки,0,2024-01-01 13:18,2024-01-01 14:50,92.0
8,Погрузка,0,2024-01-01 14:50,2024-01-01 14:55,5.0
8,Движение на разгрузку,,2024-01-01 14:55,2024-01-01 15:32,37.0
18,Движение на погрузку,,2024-01-01 14:56,2024-01-01 15:37,41.0
29,Ожидание погрузки,0,2024-01-01 13:19,2024-01-01 14:55,96.0
29,Погрузка,0,2024-01-01 14:55,2024-01-01 15:00,5.0
29,Движение на разгрузку,,2024-01-01 15:00,2024-01-01 15:37,37.0
2,Движение на погрузку,,2024-01-01 15:01,2024-01-01 15:42,41.0
27,Движение на погрузку,,2024-01-01 15:04,2024-01-01 15:44,40.0
23,Ожидание погрузки,0,2024-01-01 13:23,2024-01-01 15:00,97.0
23,Погрузка,0,2024-01-01 15:00,2024-01-01 15:05,5.0
23,Движение на разгрузку,,2024-01-01 15:05,2024-01-01 15:44,39.0
31,Движение на погрузку,,2024-01-01 15:07,2024-01-01 15:45,38.0
20,Ожидание погрузки,0,2024-01-01 13:25,2024-01-01 15:05,100.0
20,Погрузка,0,2024-01-01 15:05,2024-01-01 15:10,5.0
20,Движение на разгрузку,,2024-01-01 15:10,2024-01-01 15:52,42.0
3,Движение на погрузку,,2024-01-01 15:12,2024-01-01 15:50,38.0
21,Ожидание погрузки,0,2024-01-01 13:30,2024-01-01 15:10,100.0
21,Погрузка,0,2024-01-01 15:10,2024-01-01 15:15,5.0
21,Движение на разгрузку,,2024-01-01 15:15,2024-01-01 15:53,38.0
7,Ожидание погрузки,0,2024-01-01 13:37,2024-01-01 15:15,98.0
7,Погрузка,0,2024-01-01 15:15,2024-01-01 15:20,5.0
7,Движение на разгрузку,,2024-01-01 15:20,2024-01-01 16:03,43.0
25,Движение на погрузку,,2024-01-01 15:21,2024-01-01 15:59,38.0
35,Движение на погрузку,,2024-01-01 15:25,2024-01-01 16:01,36.0
24,Ожидание погрузки,0,2024-01-01 13:43,2024-01-01 15:20,97.0
24,Погрузка,0,2024-01-01 15:20,2024-01-01 15:25,5.0
24,Движение на разгрузку,,2024-01-01 15:25,2024-01-01 16:01,36.0
12,Движение на погрузку,,2024-01-01 15:26,2024-01-01 16:04,38.0
15,Ожидание погрузки,0,2024-01-01 13:50,2024-01-01 15:25,95.0
15,Погрузка,0,2024-01-01 15:25,2024-01-01 15:30,5.0
15,Движение на разгрузку,,2024-01-01 15:30,2024-01-01 16:05,35.0
8,Движение на погрузку,,2024-01-01 15:32,2024-01-01 16:14,42.0
16,Ожидание погрузки,0,2024-01-01 13:52,2024-01-01 15:30,98.0
16,Погрузка,0,2024-01-01 15:30,2024-01-01 15:35,5.0
16,Движение на разгрузку,,2024-01-01 15:35,2024-01-01 16:11,36.0
29,Движение на погрузку,,2024-01-01 15:37,2024-01-01 16:19,42.0
28,Ожидание погрузки,0,2024-01-01 13:58,2024-01-01 15:35,97.0
28,Погрузка,0,2024-01-01 15:35,2024-01-01 15:40,5.0
28,Движение на разгрузку,,2024-01-01 15:40,2024-01-01 16:16,36.0
23,Движение на погрузку,,2024-01-01 15:44,2024-01-01 16:25,41.0
4,Ожидание погрузки,0,2024-01-01 14:04,2024-01-01 15:40,96.0
4,Погрузка,0,2024-01-01 15:40,2024-01-01 15:45,5.0
4,Движение на разгрузку,,2024-01-01 15:45,2024-01-01 16:21,36.0
33,Ожидание погрузки,0,2024-01-01 14:06,2024-01-01 15:45,99.0
33,Погрузка,0,2024-01-01 15:45,2024-01-01 15:50,5.0
33,Движение на разгрузку,,2024-01-01 15:50,2024-01-01 16:28,38.0
20,Движение на погрузку,,2024-01-01 15:52,2024-01-01 16:33,41.0
21,Движение на погрузку,,2024-01-01 15:53,2024-01-01 16:31,38.0
5,Ожидание погрузки,0,2024-01-01 14:15,2024-01-01 15:50,95.0
5,Погрузка,0,2024-01-01 15:50,2024-01-01 15:55,5.0
5,Движение на разгрузку,,2024-01-01 15:55,2024-01-01 16:34,39.0
22,Ожидание погрузки,0,2024-01-01 14:22,2024-01-01 15:55,93.0
22,Погрузка,0,2024-01-01 15:55,2024-01-01 16:00,5.0
22,Движение на разгрузку,,2024-01-01 16:00,2024-01-01 16:41,41.0
24,Движение на погрузку,,2024-01-01 16:01,2024-01-01 16:40,39.0
7,Движение на погрузку,,2024-01-01 16:03,2024-01-01 16:41,38.0
26,Ожидание погрузки,0,2024-01-01 14:23,2024-01-01 16:00,97.0
26,Погрузка,0,2024-01-01 16:00,2024-01-01 16:05,5.0
26,Движение на разгрузку,,2024-01-01 16:05,2024-01-01 16:45,40.0
15,Движение на погрузку,,2024-01-01 16:05,2024-01-01 16:48,43.0
32,Ожидание погрузки,0,2024-01-01 14:27,2024-01-01 16:05,98.0
32,Погрузка,0,2024-01-01 16:05,2024-01-01 16:10,5.0
32,Движение на разгрузку,,2024-01-01 16:10,2024-01-01 16:53,43.0
16,Движение на погрузку,,2024-01-01 16:11,2024-01-01 16:47,36.0
14,Ожидание погрузки,0,2024-01-01 14:32,2024-01-01 16:10,98.0
14,Погрузка,0,2024-01-01 16:10,2024-01-01 16:15,5.0
14,Движение на разгрузку,,2024-01-01 16:15,2024-01-01 16:53,38.0
28,Движение на погрузку,,2024-01-01 16:16,2024-01-01 16:52,36.0
34,Ожидание погрузки,0,2024-01-01 14:33,2024-01-01 16:15,102.0
34,Погрузка,0,2024-01-01 16:15,2024-01-01 16:20,5.0
34,Движение на разгрузку,,2024-01-01 16:20,2024-01-01 17:01,41.0
4,Движение на погрузку,,2024-01-01 16:21,2024-01-01 16:57,36.0
10,Ожидание погрузки,0,2024-01-01 14:46,2024-01-01 16:20,94.0
10,Погрузка,0,2024-01-01 16:20,2024-01-01 16:25,5.0
10,Движение на разгрузку,,2024-01-01 16:25,2024-01-01 17:04,39.0
33,Движение на погрузку,,2024-01-01 16:28,2024-01-01 17:04,36.0
9,Ожидание погрузки,0,2024-01-01 14:50,2024-01-01 16:25,95.0
9,Погрузка,0,2024-01-01 16:25,2024-01-01 16:30,5.0
9,Движение на разгрузку,,2024-01-01 16:30,2024-01-01 17:06,36.0
5,Движение на погрузку,,2024-01-01 16:34,2024-01-01 17:14,40.0
0,Ожидание погрузки,0,2024-01-01 14:51,2024-01-01 16:30,99.0
0,Погрузка,0,2024-01-01 16:30,2024-01-01 16:35,5.0
0,Движение на разгрузку,,2024-01-01 16:35,2024-01-01 17:12,37.0
13,Ожидание погрузки,0,2024-01-01 14:59,2024-01-01 16:35,96.0
13,Погрузка,0,2024-01-01 16:35,2024-01-01 16:40,5.0
13,Движение на разгрузку,,2024-01-01 16:40,2024-01-01 17:20,40.0
22,Движение на погрузку,,2024-01-01 16:41,2024-01-01 17:23,42.0
26,Движение на погрузку,,2024-01-01 16:45,2024-01-01 17:22,37.0
30,Ожидание погрузки,0,2024-01-01 15:02,2024-01-01 16:40,98.0
30,Погрузка,0,2024-01-01 16:40,2024-01-01 16:45,5.0
30,Движение на разгрузку,,2024-01-01 16:45,2024-01-01 17:26,41.0
17,Ожидание погрузки,0,2024-01-01 15:11,2024-01-01 16:45,94.0
17,Погрузка,0,2024-01-01 16:45,2024-01-01 16:50,5.0
17,Движение на разгрузку,,2024-01-01 16:50,2024-01-01 17:30,40.0
32,Движение на погрузку,,2024-01-01 16:53,2024-01-01 17:29,36.0
14,Движение на погрузку,,2024-01-01 16:53,2024-01-01 17:35,42.0
11,Ожидание погрузки,0,2024-01-01 15:15,2024-01-01 16:50,95.0
11,Погрузка,0,2024-01-01 16:50,2024-01-01 16:55,5.0
11,Движение на разгрузку,,2024-01-01 16:55,2024-01-01 17:31,36.0
1,Ожидание погрузки,0,2024-01-01 15:19,2024-01-01 16:55,96.0
1,Погрузка,0,2024-01-01 16:55,2024-01-01 17:00,5.0
1,Движение на разгрузку,,2024-01-01 17:00,2024-01-01 17:41,41.0
19,Ожидание погрузки,0,2024-01-01 15:23,2024-01-01 17:00,97.0
19,Погрузка,0,2024-01-01 17:00,2024-01-01 17:05,5.0
19,Движение на разгрузку,,2024-01-01 17:05,2024-01-01 17:46,41.0
6,Ожидание погрузки,0,2024-01-01 15:25,2024-01-01 17:05,100.0
6,Погрузка,0,2024-01-01 17:05,2024-01-01 17:10,5.0
6,Движение на разгрузку,,2024-01-01 17:10,2024-01-01 17:48,38.0
18,Ожидание погрузки,0,2024-01-01 15:37,2024-01-01 17:10,93.0
18,Погрузка,0,2024-01-01 17:10,2024-01-01 17:15,5.0
18,Движение на разгрузку,,2024-01-01 17:15,2024-01-01 17:52,37.0
2,Ожидание погрузки,0,2024-01-01 15:42,2024-01-01 17:15,93.0
2,Погрузка,0,2024-01-01 17:15,2024-01-01 17:20,5.0
2,Движение на разгрузку,,2024-01-01 17:20,2024-01-01 17:57,37.0
27,Ожидание погрузки,0,2024-01-01 15:44,2024-01-01 17:20,96.0
27,Погрузка,0,2024-01-01 17:20,2024-01-01 17:25,5.0
27,Движение на разгрузку,,2024-01-01 17:25,2024-01-01 18:01,36.0
31,Ожидание погрузки,0,2024-01-01 15:45,2024-01-01 17:25,100.0
31,Погрузка,0,2024-01-01 17:25,2024-01-01 17:30,5.0
31,Движение на разгрузку,,2024-01-01 17:30,2024-01-01 18:09,39.0
3,Ожидание погрузки,0,2024-01-01 15:50,2024-01-01 17:30,100.0
3,Погрузка,0,2024-01-01 17:30,2024-01-01 17:35,5.0
3,Движение на разгрузку,,2024-01-01 17:35,2024-01-01 18:12,37.0
25,Ожидание погрузки,0,2024-01-01 15:59,2024-01-01 17:35,96.0
25,Погрузка,0,2024-01-01 17:35,2024-01-01 17:40,5.0
25,Движение на разгрузку,,2024-01-01 17:40,2024-01-01 18:21,41.0
35,Ожидание погрузки,0,2024-01-01 16:01,2024-01-01 17:40,99.0
35,Погрузка,0,2024-01-01 17:40,2024-01-01 17:45,5.0
35,Движение на разгрузку,,2024-01-01 17:45,2024-01-01 18:27,42.0
12,Ожидание погрузки,0,2024-01-01 16:04,2024-01-01 17:45,101.0
12,Погрузка,0,2024-01-01 17:45,2024-01-01 17:50,5.0
12,Движение на разгрузку,,2024-01-01 17:50,2024-01-01 18:28,38.0
8,Ожидание погрузки,0,2024-01-01 16:14,2024-01-01 17:50,96.0
8,Погрузка,0,2024-01-01 17:50,2024-01-01 17:55,5.0
8,Движение на разгрузку,,2024-01-01 17:55,2024-01-01 18:37,42.0
29,Ожидание погрузки,0,2024-01-01 16:19,2024-01-01 17:55,96.0
29,Погрузка,0,2024-01-01 17:55,2024-01-01 18:00,5.0
29,Движение на разгрузку,,2024-01-01 18:00,2024-01-01 18:42,42.0
23,Ожидание погрузки,0,2024-01-01 16:25,2024-01-01 18:00,95.0
23,Погрузка,0,2024-01-01 18:00,2024-01-01 18:05,5.0
23,Движение на разгрузку,,2024-01-01 18:05,2024-01-01 18:44,39.0
21,Ожидание погрузки,0,2024-01-01 16:31,2024-01-01 18:05,94.0
21,Погрузка,0,2024-01-01 18:05,2024-01-01 18:10,5.0
21,Движение на разгрузку,,2024-01-01 18:10,2024-01-01 18:52,42.0
20,Ожидание погрузки,0,2024-01-01 16:33,2024-01-01 18:10,97.0
20,Погрузка,0,2024-01-01 18:10,2024-01-01 18:15,5.0
20,Движение на разгрузку,,2024-01-01 18:15,2024-01-01 18:54,39.0
24,Ожидание погрузки,0,2024-01-01 16:40,2024-01-01 18:15,95.0
24,Погрузка,0,2024-01-01 18:15,2024-01-01 18:20,5.0
24,Движение на разгрузку,,2024-01-01 18:20,2024-01-01 19:00,40.0
7,Ожидание погрузки,0,2024-01-01 16:41,2024-01-01 18:20,99.0
7,Погрузка,0,2024-01-01 18:20,2024-01-01 18:25,5.0
7,Движение на разгрузку,,2024-01-01 18:25,2024-01-01 19:03,38.0
18,Пересменка,,2024-01-01 17:52,2024-01-01 18:30,38.0
18,Движение на погрузку,,2024-01-01 18:30,2024-01-01 19:11,41.0
27,Пересменка,,2024-01-01 18:01,2024-01-01 18:30,29.0
27,Движение на погрузку,,2024-01-01 18:30,2024-01-01 19:07,37.0
1,Пересменка,,2024-01-01 17:41,2024-01-01 18:30,49.0
1,Движение на погрузку,,2024-01-01 18:30,2024-01-01 19:12,42.0
2,Пересменка,,2024-01-01 17:57,2024-01-01 18:30,33.0
2,Движение на погрузку,,2024-01-01 18:30,2024-01-01 19:11,41.0
31,Пересменка,,2024-01-01 18:09,2024-01-01 18:30,21.0
31,Движение на погрузку,,2024-01-01 18:30,2024-01-01 19:07,37.0
10,Пересменка,,2024-01-01 17:04,2024-01-01 18:30,86.0
10,Движение на погрузку,,2024-01-01 18:30,2024-01-01 19:08,38.0
3,Пересменка,,2024-01-01 18:12,2024-01-01 18:30,18.0
3,Движение на погрузку,,2024-01-01 18:30,2024-01-01 19:08,38.0
12,Пересменка,,2024-01-01 18:28,2024-01-01 18:30,2.0
12,Движение на погрузку,,2024-01-01 18:30,2024-01-01 19:08,38.0
19,Пересменка,,2024-01-01 17:46,2024-01-01 18:30,44.0
19,Движение на погрузку,,2024-01-01 18:30,2024-01-01 19:10,40.0
30,Пересменка,,2024-01-01 17:26,2024-01-01 18:30,64.0
30,Движение на погрузку,,2024-01-01 18:30,2024-01-01 19:08,38.0
35,Пересменка,,2024-01-01 18:27,2024-01-01 18:30,3.0
35,Движение на погрузку,,2024-01-01 18:30,2024-01-01 19:08,38.0
11,Пересменка,,2024-01-01 17:31,2024-01-01 18:30,59.0
11,Движение на погрузку,,2024-01-01 18:30,2024-01-01 19:11,41.0
34,Пересменка,,2024-01-01 17:01,2024-01-01 18:30,89.0
34,Движение на погрузку,,2024-01-01 18:30,2024-01-01 19:08,38.0
13,Пересменка,,2024-01-01 17:20,2024-01-01 18:30,70.0
13,Движение на погрузку,,2024-01-01 18:30,2024-01-01 19:07,37.0
9,Пересменка,,2024-01-01 17:06,2024-01-01 18:30,84.0
9,Движение на погрузку,,2024-01-01 18:30,2024-01-01 19:10,40.0
16,Ожидание погрузки,0,2024-01-01 16:47,2024-01-01 18:25,98.0
16,Погрузка,0,2024-01-01 18:25,2024-01-01 18:30,5.0
16,Движение на разгрузку,,2024-01-01 18:30,2024-01-01 19:07,37.0
6,Пересменка,,2024-01-01 17:48,2024-01-01 18:30,42.0
6,Движение на погрузку,,2024-01-01 18:30,2024-01-01 19:08,38.0
0,Пересменка,,2024-01-01 17:12,2024-01-01 18:30,78.0
0,Движение на погрузку,,2024-01-01 18:30,2024-01-01 19:06,36.0
25,Пересменка,,2024-01-01 18:21,2024-01-01 18:30,9.0
25,Движение на погрузку,,2024-01-01 18:30,2024-01-01 19:11,41.0
17,Пересменка,,2024-01-01 17:30,2024-01-01 18:30,60.0
17,Движение на погрузку,,2024-01-01 18:30,2024-01-01 19:11,41.0
15,Ожидание погрузки,0,2024-01-01 16:48,2024-01-01 18:30,102.0
15,Погрузка,0,2024-01-01 18:30,2024-01-01 18:35,5.0
15,Движение на разгрузку,,2024-01-01 18:35,2024-01-01 19:17,42.0
8,Движение на погрузку,,2024-01-01 18:37,2024-01-01 19:17,40.0
28,Ожидание погрузки,0,2024-01-01 16:52,2024-01-01 18:35,103.0
28,Погрузка,0,2024-01-01 18:35,2024-01-01 18:40,5.0
28,Движение на разгрузку,,2024-01-01 18:40,2024-01-01 19:19,39.0
29,Движение на погрузку,,2024-01-01 18:42,2024-01-01 19:21,39.0
23,Движение на погрузку,,2024-01-01 18:44,2024-01-01 19:22,38.0
4,Ожидание погрузки,0,2024-01-01 16:57,2024-01-01 18:40,103.0
4,Погрузка,0,2024-01-01 18:40,2024-01-01 18:45,5.0
4,Движение на разгрузку,,2024-01-01 18:45,2024-01-01 19:24,39.0
33,Ожидание погрузки,0,2024-01-01 17:04,2024-01-01 18:45,101.0
33,Погрузка,0,2024-01-01 18:45,2024-01-01 18:50,5.0
33,Движение на разгрузку,,2024-01-01 18:50,2024-01-01 19:27,37.0
21,Движение на погрузку,,2024-01-01 18:52,2024-01-01 19:31,39.0
20,Движение на погрузку,,2024-01-01 18:54,2024-01-01 19:35,41.0
5,Ожидание погрузки,0,2024-01-01 17:14,2024-01-01 18:50,96.0
5,Погрузка,0,2024-01-01 18:50,2024-01-01 18:55,5.0
5,Движение на разгрузку,,2024-01-01 18:55,2024-01-01 19:32,37.0
24,Движение на погрузку,,2024-01-01 19:00,2024-01-01 19:37,37.0
26,Ожидание погрузки,0,2024-01-01 17:22,2024-01-01 18:55,93.0
26,Погрузка,0,2024-01-01 18:55,2024-01-01 19:00,5.0
26,Движение на разгрузку,,2024-01-01 19:00,2024-01-01 19:39,39.0
7,Движение на погрузку,,2024-01-01 19:03,2024-01-01 19:42,39.0
22,Ожидание погрузки,0,2024-01-01 17:23,2024-01-01 19:00,97.0
22,Погрузка,0,2024-01-01 19:00,2024-01-01 19:05,5.0
22,Движение на разгрузку,,2024-01-01 19:05,2024-01-01 19:45,40.0
16,Движение на погрузку,,2024-01-01 19:07,2024-01-01 19:48,41.0
32,Ожидание погрузки,0,2024-01-01 17:29,2024-01-01 19:05,96.0
32,Погрузка,0,2024-01-01 19:05,2024-01-01 19:10,5.0
32,Движение на разгрузку,,2024-01-01 19:10,2024-01-01 19:50,40.0
14,Ожидание погрузки,0,2024-01-01 17:35,2024-01-01 19:10,95.0
14,Погрузка,0,2024-01-01 19:10,2024-01-01 19:15,5.0
14,Движение на разгрузку,,2024-01-01 19:15,2024-01-01 19:58,43.0
15,Движение на погрузку,,2024-01-01 19:17,2024-01-01 19:56,39.0
28,Движение на погрузку,,2024-01-01 19:19,2024-01-01 19:59,40.0
0,Ожидание погрузки,0,2024-01-01 19:06,2024-01-01 19:15,9.0
0,Погрузка,0,2024-01-01 19:15,2024-01-01 19:20,5.0
0,Движение на разгрузку,,2024-01-01 19:20,2024-01-01 19:58,38.0
4,Движение на погрузку,,2024-01-01 19:24,2024-01-01 20:07,43.0
27,Ожидание погрузки,0,2024-01-01 19:07,2024-01-01 19:20,13.0
27,Погрузка,0,2024-01-01 19:20,2024-01-01 19:25,5.0
27,Движение на разгрузку,,2024-01-01 19:25,2024-01-01 20:04,39.0
33,Движение на погрузку,,2024-01-01 19:27,2024-01-01 20:04,37.0
13,Ожидание погрузки,0,2024-01-01 19:07,2024-01-01 19:25,18.0
13,Погрузка,0,2024-01-01 19:25,2024-01-01 19:30,5.0
13,Движение на разгрузку,,2024-01-01 19:30,2024-01-01 20:13,43.0
5,Движение на погрузку,,2024-01-01 19:32,2024-01-01 20:14,42.0
31,Ожидание погрузки,0,2024-01-01 19:07,2024-01-01 19:30,23.0
31,Погрузка,0,2024-01-01 19:30,2024-01-01 19:35,5.0
31,Движение на разгрузку,,2024-01-01 19:35,2024-01-01 20:17,42.0
26,Движение на погрузку,,2024-01-01 19:39,2024-01-01 20:14,35.0
10,Ожидание погрузки,0,2024-01-01 19:08,2024-01-01 19:35,27.0
10,Погрузка,0,2024-01-01 19:35,2024-01-01 19:40,5.0
10,Движение на разгрузку,,2024-01-01 19:40,2024-01-01 20:16,36.0
12,Ожидание погрузки,0,2024-01-01 19:08,2024-01-01 19:40,32.0
12,Погрузка,0,2024-01-01 19:40,2024-01-01 19:45,5.0
12,Движение на разгрузку,,2024-01-01 19:45,2024-01-01 20:28,43.0
22,Движение на погрузку,,2024-01-01 19:45,2024-01-01 20:26,41.0
32,Движение на погрузку,,2024-01-01 19:50,2024-01-01 20:29,39.0
6,Ожидание погрузки,0,2024-01-01 19:08,2024-01-01 19:45,37.0
6,Погрузка,0,2024-01-01 19:45,2024-01-01 19:50,5.0
6,Движение на разгрузку,,2024-01-01 19:50,2024-01-01 20:30,40.0
35,Ожидание погрузки,0,2024-01-01 19:08,2024-01-01 19:50,42.0
35,Погрузка,0,2024-01-01 19:50,2024-01-01 19:55,5.0
35,Движение на разгрузку,,2024-01-01 19:55,2024-01-01 20:33,38.0
14,Движение на погрузку,,2024-01-01 19:58,2024-01-01 20:40,42.0
0,Движение на погрузку,,2024-01-01 19:58,2024-01-01 20:40,42.0
30,Ожидание погрузки,0,2024-01-01 19:08,2024-01-01 19:55,47.0
30,Погрузка,0,2024-01-01 19:55,2024-01-01 20:00,5.0
30,Движение на разгрузку,,2024-01-01 20:00,2024-01-01 20:36,36.0
27,Движение на погрузку,,2024-01-01 20:04,2024-01-01 20:47,43.0
34,Ожидание погрузки,0,2024-01-01 19:08,2024-01-01 20:00,52.0
34,Погрузка,0,2024-01-01 20:00,2024-01-01 20:05,5.0
34,Движение на разгрузку,,2024-01-01 20:05,2024-01-01 20:45,40.0
3,Ожидание погрузки,0,2024-01-01 19:08,2024-01-01 20:05,57.0
3,Погрузка,0,2024-01-01 20:05,2024-01-01 20:10,5.0
3,Движение на разгрузку,,2024-01-01 20:10,2024-01-01 20:47,37.0
13,Движение на погрузку,,2024-01-01 20:13,2024-01-01 20:48,35.0
9,Ожидание погрузки,0,2024-01-01 19:10,2024-01-01 20:10,60.0
9,Погрузка,0,2024-01-01 20:10,2024-01-01 20:15,5.0
9,Движение на разгрузку,,2024-01-01 20:15,2024-01-01 20:51,36.0
10,Движение на погрузку,,2024-01-01 20:16,2024-01-01 20:59,43.0
31,Движение на погрузку,,2024-01-01 20:17,2024-01-01 20:55,38.0
19,Ожидание погрузки,0,2024-01-01 19:10,2024-01-01 20:15,65.0
19,Погрузка,0,2024-01-01 20:15,2024-01-01 20:20,5.0
19,Движение на разгрузку,,2024-01-01 20:20,2024-01-01 21:03,43.0
17,Ожидание погрузки,0,2024-01-01 19:11,2024-01-01 20:20,69.0
17,Погрузка,0,2024-01-01 20:20,2024-01-01 20:25,5.0
17,Движение на разгрузку,,2024-01-01 20:25,2024-01-01 21:06,41.0
12,Движение на погрузку,,2024-01-01 20:28,2024-01-01 21:03,35.0
6,Движение на погрузку,,2024-01-01 20:30,2024-01-01 21:12,42.0
11,Ожидание погрузки,0,2024-01-01 19:11,2024-01-01 20:25,74.0
11,Погрузка,0,2024-01-01 20:25,2024-01-01 20:30,5.0
11,Движение на разгрузку,,2024-01-01 20:30,2024-01-01 21:09,39.0
35,Движение на погрузку,,2024-01-01 20:33,2024-01-01 21:10,37.0
18,Ожидание погрузки,0,2024-01-01 19:11,2024-01-01 20:30,79.0
18,Погрузка,0,2024-01-01 20:30,2024-01-01 20:35,5.0
18,Движение на разгрузку,,2024-01-01 20:35,2024-01-01 21:15,40.0
30,Движение на погрузку,,2024-01-01 20:36,2024-01-01 21:16,40.0
2,Ожидание погрузки,0,2024-01-01 19:11,2024-01-01 20:35,84.0
2,Погрузка,0,2024-01-01 20:35,2024-01-01 20:40,5.0
2,Движение на разгрузку,,2024-01-01 20:40,2024-01-01 21:18,38.0
25,Ожидание погрузки,0,2024-01-01 19:11,2024-01-01 20:40,89.0
25,Погрузка,0,2024-01-01 20:40,2024-01-01 20:45,5.0
25,Движение на разгрузку,,2024-01-01 20:45,2024-01-01 21:27,42.0
34,Движение на погрузку,,2024-01-01 20:45,2024-01-01 21:26,41.0
3,Движение на погрузку,,2024-01-01 20:47,2024-01-01 21:25,38.0
1,Ожидание погрузки,0,2024-01-01 19:12,2024-01-01 20:45,93.0
1,Погрузка,0,2024-01-01 20:45,2024-01-01 20:50,5.0
1,Движение на разгрузку,,2024-01-01 20:50,2024-01-01 21:32,42.0
9,Движение на погрузку,,2024-01-01 20:51,2024-01-01 21:32,41.0
8,Ожидание погрузки,0,2024-01-01 19:17,2024-01-01 20:50,93.0
8,Погрузка,0,2024-01-01 20:50,2024-01-01 20:55,5.0
8,Движение на разгрузку,,2024-01-01 20:55,2024-01-01 21:31,36.0
29,Ожидание погрузки,0,2024-01-01 19:21,2024-01-01 20:55,94.0
29,Погрузка,0,2024-01-01 20:55,2024-01-01 21:00,5.0
29,Движение на разгрузку,,2024-01-01 21:00,2024-01-01 21:36,36.0
19,Движение на погрузку,,2024-01-01 21:03,2024-01-01 21:45,42.0
23,Ожидание погрузки,0,2024-01-01 19:22,2024-01-01 21:00,98.0
23,Погрузка,0,2024-01-01 21:00,2024-01-01 21:05,5.0
23,Движение на разгрузку,,2024-01-01 21:05,2024-01-01 21:44,39.0
17,Движение на погрузку,,2024-01-01 21:06,2024-01-01 21:47,41.0
11,Движение на погрузку,,2024-01-01 21:09,2024-01-01 21:52,43.0
21,Ожидание погрузки,0,2024-01-01 19:31,2024-01-01 21:05,94.0
21,Погрузка,0,2024-01-01 21:05,2024-01-01 21:10,5.0
21,Движение на разгрузку,,2024-01-01 21:10,2024-01-01 21:49,39.0
18,Движение на погрузку,,2024-01-01 21:15,2024-01-01 21:52,37.0
20,Ожидание погрузки,0,2024-01-01 19:35,2024-01-01 21:10,95.0
20,Погрузка,0,2024-01-01 21:10,2024-01-01 21:15,5.0
20,Движение на разгрузку,,2024-01-01 21:15,2024-01-01 21:53,38.0
2,Движение на погрузку,,2024-01-01 21:18,2024-01-01 22:00,42.0
24,Ожидание погрузки,0,2024-01-01 19:37,2024-01-01 21:15,98.0
24,Погрузка,0,2024-01-01 21:15,2024-01-01 21:20,5.0
24,Движение на разгрузку,,2024-01-01 21:20,2024-01-01 22:01,41.0
7,Ожидание погрузки,0,2024-01-01 19:42,2024-01-01 21:20,98.0
7,Погрузка,0,2024-01-01 21:20,2024-01-01 21:25,5.0
7,Движение на разгрузку,,2024-01-01 21:25,2024-01-01 22:00,35.0
25,Движение на погрузку,,2024-01-01 21:27,2024-01-01 22:07,40.0
16,Ожидание погрузки,0,2024-01-01 19:48,2024-01-01 21:25,97.0
16,Погрузка,0,2024-01-01 21:25,2024-01-01 21:30,5.0
16,Движение на разгрузку,,2024-01-01 21:30,2024-01-01 22:08,38.0
8,Движение на погрузку,,2024-01-01 21:31,2024-01-01 22:07,36.0
1,Движение на погрузку,,2024-01-01 21:32,2024-01-01 22:11,39.0
15,Ожидание погрузки,0,2024-01-01 19:56,2024-01-01 21:30,94.0
15,Погрузка,0,2024-01-01 21:30,2024-01-01 21:35,5.0
15,Движение на разгрузку,,2024-01-01 21:35,2024-01-01 22:12,37.0
29,Движение на погрузку,,2024-01-01 21:36,2024-01-01 22:15,39.0
28,Ожидание погрузки,0,2024-01-01 19:59,2024-01-01 21:35,96.0
28,Погрузка,0,2024-01-01 21:35,2024-01-01 21:40,5.0
28,Движение на разгрузку,,2024-01-01 21:40,2024-01-01 22:19,39.0
23,Движение на погрузку,,2024-01-01 21:44,2024-01-01 22:26,42.0
33,Ожидание погрузки,0,2024-01-01 20:04,2024-01-01 21:40,96.0
33,Погрузка,0,2024-01-01 21:40,2024-01-01 21:45,5.0
33,Движение на разгрузку,,2024-01-01 21:45,2024-01-01 22:22,37.0
21,Движение на погрузку,,2024-01-01 21:49,2024-01-01 22:29,40.0
4,Ожидание погрузки,0,2024-01-01 20:07,2024-01-01 21:45,98.0
4,Погрузка,0,2024-01-01 21:45,2024-01-01 21:50,5.0
4,Движение на разгрузку,,2024-01-01 21:50,2024-01-01 22:32,42.0
20,Движение на погрузку,,2024-01-01 21:53,2024-01-01 22:33,40.0
5,Ожидание погрузки,0,2024-01-01 20:14,2024-01-01 21:50,96.0
5,Погрузка,0,2024-01-01 21:50,2024-01-01 21:55,5.0
5,Движение на разгрузку,,2024-01-01 21:55,2024-01-01 22:33,38.0
26,Ожидание погрузки,0,2024-01-01 20:14,2024-01-01 21:55,101.0
26,Погрузка,0,2024-01-01 21:55,2024-01-01 22:00,5.0
26,Движение на разгрузку,,2024-01-01 22:00,2024-01-01 22:43,43.0
7,Движение на погрузку,,2024-01-01 22:00,2024-01-01 22:40,40.0
24,Движение на погрузку,,2024-01-01 22:01,2024-01-01 22:39,38.0
22,Ожидание погрузки,0,2024-01-01 20:26,2024-01-01 22:00,94.0
22,Погрузка,0,2024-01-01 22:00,2024-01-01 22:05,5.0
22,Движение на разгрузку,,2024-01-01 22:05,2024-01-01 22:41,36.0
16,Движение на погрузку,,2024-01-01 22:08,2024-01-01 22:46,38.0
32,Ожидание погрузки,0,2024-01-01 20:29,2024-01-01 22:05,96.0
32,Погрузка,0,2024-01-01 22:05,2024-01-01 22:10,5.0
32,Движение на разгрузку,,2024-01-01 22:10,2024-01-01 22:48,38.0
15,Движение на погрузку,,2024-01-01 22:12,2024-01-01 22:52,40.0
14,Ожидание погрузки,0,2024-01-01 20:40,2024-01-01 22:10,90.0
14,Погрузка,0,2024-01-01 22:10,2024-01-01 22:15,5.0
14,Движение на разгрузку,,2024-01-01 22:15,2024-01-01 22:58,43.0
28,Движение на погрузку,,2024-01-01 22:19,2024-01-01 22:55,36.0
0,Ожидание погрузки,0,2024-01-01 20:40,2024-01-01 22:15,95.0
0,Погрузка,0,2024-01-01 22:15,2024-01-01 22:20,5.0
0,Движение на разгрузку,,2024-01-01 22:20,2024-01-01 23:02,42.0
33,Движение на погрузку,,2024-01-01 22:22,2024-01-01 22:59,37.0
27,Ожидание погрузки,0,2024-01-01 20:47,2024-01-01 22:20,93.0
27,Погрузка,0,2024-01-01 22:20,2024-01-01 22:25,5.0
27,Движение на разгрузку,,2024-01-01 22:25,2024-01-01 23:05,40.0
13,Ожидание погрузки,0,2024-01-01 20:48,2024-01-01 22:25,97.0
13,Погрузка,0,2024-01-01 22:25,2024-01-01 22:30,5.0
13,Движение на разгрузку,,2024-01-01 22:30,2024-01-01 23:06,36.0
4,Движение на погрузку,,2024-01-01 22:32,2024-01-01 23:09,37.0
5,Движение на погрузку,,2024-01-01 22:33,2024-01-01 23:11,38.0
31,Ожидание погрузки,0,2024-01-01 20:55,2024-01-01 22:30,95.0
31,Погрузка,0,2024-01-01 22:30,2024-01-01 22:35,5.0
31,Движение на разгрузку,,2024-01-01 22:35,2024-01-01 23:18,43.0
10,Ожидание погрузки,0,2024-01-01 20:59,2024-01-01 22:35,96.0
10,Погрузка,0,2024-01-01 22:35,2024-01-01 22:40,5.0
10,Движение на разгрузку,,2024-01-01 22:40,2024-01-01 23:20,40.0
22,Движение на погрузку,,2024-01-01 22:41,2024-01-01 23:23,42.0
26,Движение на погрузку,,2024-01-01 22:43,2024-01-01 23:22,39.0
12,Ожидание погрузки,0,2024-01-01 21:03,2024-01-01 22:40,97.0
12,Погрузка,0,2024-01-01 22:40,2024-01-01 22:45,5.0
12,Движение на разгрузку,,2024-01-01 22:45,2024-01-01 23:23,38.0
32,Движение на погрузку,,2024-01-01 22:48,2024-01-01 23:30,42.0
35,Ожидание погрузки,0,2024-01-01 21:10,2024-01-01 22:45,95.0
35,Погрузка,0,2024-01-01 22:45,2024-01-01 22:50,5.0
35,Движение на разгрузку,,2024-01-01 22:50,2024-01-01 23:27,37.0
6,Ожидание погрузки,0,2024-01-01 21:12,2024-01-01 22:50,98.0
6,Погрузка,0,2024-01-01 22:50,2024-01-01 22:55,5.0
6,Движение на разгрузку,,2024-01-01 22:55,2024-01-01 23:35,40.0
14,Движение на погрузку,,2024-01-01 22:58,2024-01-01 23:38,40.0
30,Ожидание погрузки,0,2024-01-01 21:16,2024-01-01 22:55,99.0
30,Погрузка,0,2024-01-01 22:55,2024-01-01 23:00,5.0
30,Движение на разгрузку,,2024-01-01 23:00,2024-01-01 23:42,42.0
0,Движение на погрузку,,2024-01-01 23:02,2024-01-01 23:39,37.0
27,Движение на погрузку,,2024-01-01 23:05,2024-01-01 23:44,39.0
3,Ожидание погрузки,0,2024-01-01 21:25,2024-01-01 23:00,95.0
3,Погрузка,0,2024-01-01 23:00,2024-01-01 23:05,5.0
3,Движение на разгрузку,,2024-01-01 23:05,2024-01-01 23:42,37.0
13,Движение на погрузку,,2024-01-01 23:06,2024-01-01 23:45,39.0
34,Ожидание погрузки,0,2024-01-01 21:26,2024-01-01 23:05,99.0
34,Погрузка,0,2024-01-01 23:05,2024-01-01 23:10,5.0
34,Движение на разгрузку,,2024-01-01 23:10,2024-01-01 23:47,37.0
9,Ожидание погрузки,0,2024-01-01 21:32,2024-01-01 23:10,98.0
9,Погрузка,0,2024-01-01 23:10,2024-01-01 23:15,5.0
9,Движение на разгрузку,,2024-01-01 23:15,2024-01-01 23:55,40.0
31,Движение на погрузку,,2024-01-01 23:18,2024-01-02 00:00,42.0
10,Движение на погрузку,,2024-01-01 23:20,2024-01-01 23:57,37.0
19,Ожидание погрузки,0,2024-01-01 21:45,2024-01-01 23:15,90.0
19,Погрузка,0,2024-01-01 23:15,2024-01-01 23:20,5.0
19,Движение на разгрузку,,2024-01-01 23:20,2024-01-02 00:02,42.0
12,Движение на погрузку,,2024-01-01 23:23,2024-01-02 00:05,42.0
17,Ожидание погрузки,0,2024-01-01 21:47,2024-01-01 23:20,93.0
17,Погрузка,0,2024-01-01 23:20,2024-01-01 23:25,5.0
17,Движение на разгрузку,,2024-01-01 23:25,2024-01-02 00:02,37.0
35,Движение на погрузку,,2024-01-01 23:27,2024-01-02 00:05,38.0
11,Ожидание погрузки,0,2024-01-01 21:52,2024-01-01 23:25,93.0
11,Погрузка,0,2024-01-01 23:25,2024-01-01 23:30,5.0
11,Движение на разгрузку,,2024-01-01 23:30,2024-01-02 00:06,36.0
18,Ожидание погрузки,0,2024-01-01 21:52,2024-01-01 23:30,98.0
18,Погрузка,0,2024-01-01 23:30,2024-01-01 23:35,5.0
18,Движение на разгрузку,,2024-01-01 23:35,2024-01-02 00:15,40.0
6,Движение на погрузку,,2024-01-01 23:35,2024-01-02 00:12,37.0
2,Ожидание погрузки,0,2024-01-01 22:00,2024-01-01 23:35,95.0
2,Погрузка,0,2024-01-01 23:35,2024-01-01 23:40,5.0
2,Движение на разгрузку,,2024-01-01 23:40,2024-01-02 00:18,38.0
30,Движение на погрузку,,2024-01-01 23:42,2024-01-02 00:22,40.0
3,Движение на погрузку,,2024-01-01 23:42,2024-01-02 00:23,41.0
8,Ожидание погрузки,0,2024-01-01 22:07,2024-01-01 23:40,93.0
8,Погрузка,0,2024-01-01 23:40,2024-01-01 23:45,5.0
8,Движение на разгрузку,,2024-01-01 23:45,2024-01-02 00:22,37.0
34,Движение на погрузку,,2024-01-01 23:47,2024-01-02 00:28,41.0
25,Ожидание погрузки,0,2024-01-01 22:07,2024-01-01 23:45,98.0
25,Погрузка,0,2024-01-01 23:45,2024-01-01 23:50,5.0
25,Движение на разгрузку,,2024-01-01 23:50,2024-01-02 00:30,40.0
1,Ожидание погрузки,0,2024-01-01 22:11,2024-01-01 23:50,99.0
1,Погрузка,0,2024-01-01 23:50,2024-01-01 23:55,5.0
1,Движение на разгрузку,,2024-01-01 23:55,2024-01-02 00:35,40.0
9,Движение на погрузку,,2024-01-01 23:55,2024-01-02 00:35,40.0
29,Ожидание погрузки,0,2024-01-01 22:15,2024-01-01 23:55,100.0
29,Погрузка,0,2024-01-01 23:55,2024-01-02 00:00,5.0
29,Движение на разгрузку,,2024-01-02 00:00,2024-01-02 00:39,39.0
17,Движение на погрузку,,2024-01-02 00:02,2024-01-02 00:40,38.0
19,Движение на погрузку,,2024-01-02 00:02,2024-01-02 00:44,42.0
23,Ожидание погрузки,0,2024-01-01 22:26,2024-01-02 00:00,94.0
23,Погрузка,0,2024-01-02 00:00,2024-01-02 00:05,5.0
23,Движение на разгрузку,,2024-01-02 00:05,2024-01-02 00:47,42.0
11,Движение на погрузку,,2024-01-02 00:06,2024-01-02 00:44,38.0
21,Ожидание погрузки,0,2024-01-01 22:29,2024-01-02 00:05,96.0
21,Погрузка,0,2024-01-02 00:05,2024-01-02 00:10,5.0
21,Движение на разгрузку,,2024-01-02 00:10,2024-01-02 00:51,41.0
18,Движение на погрузку,,2024-01-02 00:15,2024-01-02 00:57,42.0
20,Ожидание погрузки,0,2024-01-01 22:33,2024-01-02 00:10,97.0
20,Погрузка,0,2024-01-02 00:10,2024-01-02 00:15,5.0
20,Движение на разгрузку,,2024-01-02 00:15,2024-01-02 00:55,40.0
2,Движение на погрузку,,2024-01-02 00:18,2024-01-02 01:00,42.0
24,Ожидание погрузки,0,2024-01-01 22:39,2024-01-02 00:15,96.0
24,Погрузка,0,2024-01-02 00:15,2024-01-02 00:20,5.0
24,Движение на разгрузку,,2024-01-02 00:20,2024-01-02 01:01,41.0
8,Движение на погрузку,,2024-01-02 00:22,2024-01-02 01:04,42.0
7,Ожидание погрузки,0,2024-01-01 22:40,2024-01-02 00:20,100.0
7,Погрузка,0,2024-01-02 00:20,2024-01-02 00:25,5.0
7,Движение на разгрузку,,2024-01-02 00:25,2024-01-02 01:06,41.0
16,Ожидание погрузки,0,2024-01-01 22:46,2024-01-02 00:25,99.0
16,Погрузка,0,2024-01-02 00:25,2024-01-02 00:30,5.0
16,Движение на разгрузку,,2024-01-02 00:30,2024-01-02 01:11,41.0
25,Движение на погрузку,,2024-01-02 00:30,2024-01-02 01:07,37.0
1,Движение на погрузку,,2024-01-02 00:35,2024-01-02 01:12,37.0
15,Ожидание погрузки,0,2024-01-01 22:52,2024-01-02 00:30,98.0
15,Погрузка,0,2024-01-02 00:30,2024-01-02 00:35,5.0
15,Движение на разгрузку,,2024-01-02 00:35,2024-01-02 01:17,42.0
29,Движение на погрузку,,2024-01-02 00:39,2024-01-02 01:20,41.0
28,Ожидание погрузки,0,2024-01-01 22:55,2024-01-02 00:35,100.0
28,Погрузка,0,2024-01-02 00:35,2024-01-02 00:40,5.0
28,Движение на разгрузку,,2024-01-02 00:40,2024-01-02 01:22,42.0
33,Ожидание погрузки,0,2024-01-01 22:59,2024-01-02 00:40,101.0
33,Погрузка,0,2024-01-02 00:40,2024-01-02 00:45,5.0
33,Движение на разгрузку,,2024-01-02 00:45,2024-01-02 01:25,40.0
23,Движение на погрузку,,2024-01-02 00:47,2024-01-02 01:24,37.0
4,Ожидание погрузки,0,2024-01-01 23:09,2024-01-02 00:45,96.0
4,Погрузка,0,2024-01-02 00:45,2024-01-02 00:50,5.0
4,Движение на разгрузку,,2024-01-02 00:50,2024-01-02 01:30,40.0
21,Движение на погрузку,,2024-01-02 00:51,2024-01-02 01:27,36.0
20,Движение на погрузку,,2024-01-02 00:55,2024-01-02 01:37,42.0
5,Ожидание погрузки,0,2024-01-01 23:11,2024-01-02 00:50,99.0
5,Погрузка,0,2024-01-02 00:50,2024-01-02 00:55,5.0
5,Движение на разгрузку,,2024-01-02 00:55,2024-01-02 01:37,42.0
26,Ожидание погрузки,0,2024-01-01 23:22,2024-01-02 00:55,93.0
26,Погрузка,0,2024-01-02 00:55,2024-01-02 01:00,5.0
26,Движение на разгрузку,,2024-01-02 01:00,2024-01-02 01:37,37.0
24,Движение на погрузку,,2024-01-02 01:01,2024-01-02 01:38,37.0
22,Ожидание погрузки,0,2024-01-01 23:23,2024-01-02 01:00,97.0
22,Погрузка,0,2024-01-02 01:00,2024-01-02 01:05,5.0
22,Движение на разгрузку,,2024-01-02 01:05,2024-01-02 01:42,37.0
7,Движение на погрузку,,2024-01-02 01:06,2024-01-02 01:48,42.0
32,Ожидание погрузки,0,2024-01-01 23:30,2024-01-02 01:05,95.0
32,Погрузка,0,2024-01-02 01:05,2024-01-02 01:10,5.0
32,Движение на разгрузку,,2024-01-02 01:10,2024-01-02 01:50,40.0
16,Движение на погрузку,,2024-01-02 01:11,2024-01-02 01:53,42.0
14,Ожидание погрузки,0,2024-01-01 23:38,2024-01-02 01:10,92.0
14,Погрузка,0,2024-01-02 01:10,2024-01-02 01:15,5.0
14,Движение на разгрузку,,2024-01-02 01:15,2024-01-02 01:58,43.0
15,Движение на погрузку,,2024-01-02 01:17,2024-01-02 01:57,40.0
0,Ожидание погрузки,0,2024-01-01 23:39,2024-01-02 01:15,96.0
0,Погрузка,0,2024-01-02 01:15,2024-01-02 01:20,5.0
0,Движение на разгрузку,,2024-01-02 01:20,2024-01-02 01:59,39.0
28,Движение на погрузку,,2024-01-02 01:22,2024-01-02 02:05,43.0
33,Движение на погрузку,,2024-01-02 01:25,2024-01-02 02:01,36.0
27,Ожидание погрузки,0,2024-01-01 23:44,2024-01-02 01:20,96.0
27,Погрузка,0,2024-01-02 01:20,2024-01-02 01:25,5.0
27,Движение на разгрузку,,2024-01-02 01:25,2024-01-02 02:02,37.0
13,Ожидание погрузки,0,2024-01-01 23:45,2024-01-02 01:25,100.0
13,Погрузка,0,2024-01-02 01:25,2024-01-02 01:30,5.0
13,Движение на разгрузку,,2024-01-02 01:30,2024-01-02 02:07,37.0
4,Движение на погрузку,,2024-01-02 01:30,2024-01-02 02:06,36.0
10,Ожидание погрузки,0,2024-01-01 23:57,2024-01-02 01:30,93.0
10,Погрузка,0,2024-01-02 01:30,2024-01-02 01:35,5.0
10,Движение на разгрузку,,2024-01-02 01:35,2024-01-02 02:13,38.0
26,Движение на погрузку,,2024-01-02 01:37,2024-01-02 02:14,37.0
5,Движение на погрузку,,2024-01-02 01:37,2024-01-02 02:15,38.0
31,Ожидание погрузки,0,2024-01-02 00:00,2024-01-02 01:35,95.0
31,Погрузка,0,2024-01-02 01:35,2024-01-02 01:40,5.0
31,Движение на разгрузку,,2024-01-02 01:40,2024-01-02 02:16,36.0
22,Движение на погрузку,,2024-01-02 01:42,2024-01-02 02:22,40.0
12,Ожидание погрузки,0,2024-01-02 00:05,2024-01-02 01:40,95.0
12,Погрузка,0,2024-01-02 01:40,2024-01-02 01:45,5.0
12,Движение на разгрузку,,2024-01-02 01:45,2024-01-02 02:27,42.0
32,Движение на погрузку,,2024-01-02 01:50,2024-01-02 02:28,38.0
35,Ожидание погрузки,0,2024-01-02 00:05,2024-01-02 01:45,100.0
35,Погрузка,0,2024-01-02 01:45,2024-01-02 01:50,5.0
35,Движение на разгрузку,,2024-01-02 01:50,2024-01-02 02:30,40.0
6,Ожидание погрузки,0,2024-01-02 00:12,2024-01-02 01:50,98.0
6,Погрузка,0,2024-01-02 01:50,2024-01-02 01:55,5.0
6,Движение на разгрузку,,2024-01-02 01:55,2024-01-02 02:31,36.0
14,Движение на погрузку,,2024-01-02 01:58,2024-01-02 02:38,40.0
0,Движение на погрузку,,2024-01-02 01:59,2024-01-02 02:41,42.0
30,Ожидание погрузки,0,2024-01-02 00:22,2024-01-02 01:55,93.0
30,Погрузка,0,2024-01-02 01:55,2024-01-02 02:00,5.0
30,Движение на разгрузку,,2024-01-02 02:00,2024-01-02 02:43,43.0
27,Движение на погрузку,,2024-01-02 02:02,2024-01-02 02:42,40.0
3,Ожидание погрузки,0,2024-01-02 00:23,2024-01-02 02:00,97.0
3,Погрузка,0,2024-01-02 02:00,2024-01-02 02:05,5.0
3,Движение на разгрузку,,2024-01-02 02:05,2024-01-02 02:46,41.0
13,Движение на погрузку,,2024-01-02 02:07,2024-01-02 02:48,41.0
34,Ожидание погрузки,0,2024-01-02 00:28,2024-01-02 02:05,97.0
34,Погрузка,0,2024-01-02 02:05,2024-01-02 02:10,5.0
34,Движение на разгрузку,,2024-01-02 02:10,2024-01-02 02:53,43.0
10,Движение на погрузку,,2024-01-02 02:13,2024-01-02 02:53,40.0
9,Ожидание погрузки,0,2024-01-02 00:35,2024-01-02 02:10,95.0
9,Погрузка,0,2024-01-02 02:10,2024-01-02 02:15,5.0
9,Движение на разгрузку,,2024-01-02 02:15,2024-01-02 02:53,38.0
31,Движение на погрузку,,2024-01-02 02:16,2024-01-02 02:52,36.0
17,Ожидание погрузки,0,2024-01-02 00:40,2024-01-02 02:15,95.0
17,Погрузка,0,2024-01-02 02:15,2024-01-02 02:20,5.0
17,Движение на разгрузку,,2024-01-02 02:20,2024-01-02 02:58,38.0
11,Ожидание погрузки,0,2024-01-02 00:44,2024-01-02 02:20,96.0
11,Погрузка,0,2024-01-02 02:20,2024-01-02 02:25,5.0
11,Движение на разгрузку,,2024-01-02 02:25,2024-01-02 03:07,42.0
12,Движение на погрузку,,2024-01-02 02:27,2024-01-02 03:05,38.0
35,Движение на погрузку,,2024-01-02 02:30,2024-01-02 03:07,37.0
19,Ожидание погрузки,0,2024-01-02 00:44,2024-01-02 02:25,101.0
19,Погрузка,0,2024-01-02 02:25,2024-01-02 02:30,5.0
19,Движение на разгрузку,,2024-01-02 02:30,2024-01-02 03:07,37.0
6,Движение на погрузку,,2024-01-02 02:31,2024-01-02 03:10,39.0
18,Ожидание погрузки,0,2024-01-02 00:57,2024-01-02 02:30,93.0
18,Погрузка,0,2024-01-02 02:30,2024-01-02 02:35,5.0
18,Движение на разгрузку,,2024-01-02 02:35,2024-01-02 03:11,36.0
2,Ожидание погрузки,0,2024-01-02 01:00,2024-01-02 02:35,95.0
2,Погрузка,0,2024-01-02 02:35,2024-01-02 02:40,5.0
2,Движение на разгрузку,,2024-01-02 02:40,2024-01-02 03:20,40.0
30,Движение на погрузку,,2024-01-02 02:43,2024-01-02 03:19,36.0
8,Ожидание погрузки,0,2024-01-02 01:04,2024-01-02 02:40,96.0
8,Погрузка,0,2024-01-02 02:40,2024-01-02 02:45,5.0
8,Движение на разгрузку,,2024-01-02 02:45,2024-01-02 03:24,39.0
3,Движение на погрузку,,2024-01-02 02:46,2024-01-02 03:25,39.0
25,Ожидание погрузки,0,2024-01-02 01:07,2024-01-02 02:45,98.0
25,Погрузка,0,2024-01-02 02:45,2024-01-02 02:50,5.0
25,Движение на разгрузку,,2024-01-02 02:50,2024-01-02 03:26,36.0
9,Движение на погрузку,,2024-01-02 02:53,2024-01-02 03:32,39.0
34,Движение на погрузку,,2024-01-02 02:53,2024-01-02 03:29,36.0
1,Ожидание погрузки,0,2024-01-02 01:12,2024-01-02 02:50,98.0
1,Погрузка,0,2024-01-02 02:50,2024-01-02 02:55,5.0
1,Движение на разгрузку,,2024-01-02 02:55,2024-01-02 03:33,38.0
17,Движение на погрузку,,2024-01-02 02:58,2024-01-02 03:33,35.0
29,Ожидание погрузки,0,2024-01-02 01:20,2024-01-02 02:55,95.0
29,Погрузка,0,2024-01-02 02:55,2024-01-02 03:00,5.0
29,Движение на разгрузку,,2024-01-02 03:00,2024-01-02 03:38,38.0
23,Ожидание погрузки,0,2024-01-02 01:24,2024-01-02 03:00,96.0
23,Погрузка,0,2024-01-02 03:00,2024-01-02 03:05,5.0
23,Движение на разгрузку,,2024-01-02 03:05,2024-01-02 03:45,40.0
19,Движение на погрузку,,2024-01-02 03:07,2024-01-02 03:42,35.0
11,Движение на погрузку,,2024-01-02 03:07,2024-01-02 03:43,36.0
21,Ожидание погрузки,0,2024-01-02 01:27,2024-01-02 03:05,98.0
21,Погрузка,0,2024-01-02 03:05,2024-01-02 03:10,5.0
21,Движение на разгрузку,,2024-01-02 03:10,2024-01-02 03:47,37.0
18,Движение на погрузку,,2024-01-02 03:11,2024-01-02 03:48,37.0
20,Ожидание погрузки,0,2024-01-02 01:37,2024-01-02 03:10,93.0
20,Погрузка,0,2024-01-02 03:10,2024-01-02 03:15,5.0
20,Движение на разгрузку,,2024-01-02 03:15,2024-01-02 03:53,38.0
2,Движение на погрузку,,2024-01-02 03:20,2024-01-02 03:55,35.0
24,Ожидание погрузки,0,2024-01-02 01:38,2024-01-02 03:15,97.0
24,Погрузка,0,2024-01-02 03:15,2024-01-02 03:20,5.0
24,Движение на разгрузку,,2024-01-02 03:20,2024-01-02 04:01,41.0
8,Движение на погрузку,,2024-01-02 03:24,2024-01-02 04:01,37.0
7,Ожидание погрузки,0,2024-01-02 01:48,2024-01-02 03:20,92.0
7,Погрузка,0,2024-01-02 03:20,2024-01-02 03:25,5.0
7,Движение на разгрузку,,2024-01-02 03:25,2024-01-02 04:02,37.0
25,Движение на погрузку,,2024-01-02 03:26,2024-01-02 04:09,43.0
16,Ожидание погрузки,0,2024-01-02 01:53,2024-01-02 03:25,92.0
16,Погрузка,0,2024-01-02 03:25,2024-01-02 03:30,5.0
16,Движение на разгрузку,,2024-01-02 03:30,2024-01-02 04:09,39.0
1,Движение на погрузку,,2024-01-02 03:33,2024-01-02 04:11,38.0
15,Ожидание погрузки,0,2024-01-02 01:57,2024-01-02 03:30,93.0
15,Погрузка,0,2024-01-02 03:30,2024-01-02 03:35,5.0
15,Движение на разгрузку,,2024-01-02 03:35,2024-01-02 04:18,43.0
29,Движение на погрузку,,2024-01-02 03:38,2024-01-02 04:15,37.0
33,Ожидание погрузки,0,2024-01-02 02:01,2024-01-02 03:35,94.0
33,Погрузка,0,2024-01-02 03:35,2024-01-02 03:40,5.0
33,Движение на разгрузку,,2024-01-02 03:40,2024-01-02 04:18,38.0
23,Движение на погрузку,,2024-01-02 03:45,2024-01-02 04:27,42.0
28,Ожидание погрузки,0,2024-01-02 02:05,2024-01-02 03:40,95.0
28,Погрузка,0,2024-01-02 03:40,2024-01-02 03:45,5.0
28,Движение на разгрузку,,2024-01-02 03:45,2024-01-02 04:24,39.0
21,Движение на погрузку,,2024-01-02 03:47,2024-01-02 04:25,38.0
4,Ожидание погрузки,0,2024-01-02 02:06,2024-01-02 03:45,99.0
4,Погрузка,0,2024-01-02 03:45,2024-01-02 03:50,5.0
4,Движение на разгрузку,,2024-01-02 03:50,2024-01-02 04:28,38.0
20,Движение на погрузку,,2024-01-02 03:53,2024-01-02 04:31,38.0
26,Ожидание погрузки,0,2024-01-02 02:14,2024-01-02 03:50,96.0
26,Погрузка,0,2024-01-02 03:50,2024-01-02 03:55,5.0
26,Движение на разгрузку,,2024-01-02 03:55,2024-01-02 04:34,39.0
5,Ожидание погрузки,0,2024-01-02 02:15,2024-01-02 03:55,100.0
5,Погрузка,0,2024-01-02 03:55,2024-01-02 04:00,5.0
5,Движение на разгрузку,,2024-01-02 04:00,2024-01-02 04:43,43.0
24,Движение на погрузку,,2024-01-02 04:01,2024-01-02 04:40,39.0
7,Движение на погрузку,,2024-01-02 04:02,2024-01-02 04:43,41.0
22,Ожидание погрузки,0,2024-01-02 02:22,2024-01-02 04:00,98.0
22,Погрузка,0,2024-01-02 04:00,2024-01-02 04:05,5.0
22,Движение на разгрузку,,2024-01-02 04:05,2024-01-02 04:45,40.0
16,Движение на погрузку,,2024-01-02 04:09,2024-01-02 04:47,38.0
32,Ожидание погрузки,0,2024-01-02 02:28,2024-01-02 04:05,97.0
32,Погрузка,0,2024-01-02 04:05,2024-01-02 04:10,5.0
32,Движение на разгрузку,,2024-01-02 04:10,2024-01-02 04:46,36.0
14,Ожидание погрузки,0,2024-01-02 02:38,2024-01-02 04:10,92.0
14,Погрузка,0,2024-01-02 04:10,2024-01-02 04:15,5.0
14,Движение на разгрузку,,2024-01-02 04:15,2024-01-02 04:54,39.0
15,Движение на погрузку,,2024-01-02 04:18,2024-01-02 05:00,42.0
33,Движение на погрузку,,2024-01-02 04:18,2024-01-02 04:56,38.0
0,Ожидание погрузки,0,2024-01-02 02:41,2024-01-02 04:15,94.0
0,Погрузка,0,2024-01-02 04:15,2024-01-02 04:20,5.0
0,Движение на разгрузку,,2024-01-02 04:20,2024-01-02 04:57,37.0
28,Движение на погрузку,,2024-01-02 04:24,2024-01-02 05:01,37.0
27,Ожидание погрузки,0,2024-01-02 02:42,2024-01-02 04:20,98.0
27,Погрузка,0,2024-01-02 04:20,2024-01-02 04:25,5.0
27,Движение на разгрузку,,2024-01-02 04:25,2024-01-02 05:02,37.0
4,Движение на погрузку,,2024-01-02 04:28,2024-01-02 05:08,40.0
13,Ожидание погрузки,0,2024-01-02 02:48,2024-01-02 04:25,97.0
13,Погрузка,0,2024-01-02 04:25,2024-01-02 04:30,5.0
13,Движение на разгрузку,,2024-01-02 04:30,2024-01-02 05:07,37.0
26,Движение на погрузку,,2024-01-02 04:34,2024-01-02 05:16,42.0
31,Ожидание погрузки,0,2024-01-02 02:52,2024-01-02 04:30,98.0
31,Погрузка,0,2024-01-02 04:30,2024-01-02 04:35,5.0
31,Движение на разгрузку,,2024-01-02 04:35,2024-01-02 05:16,41.0
10,Ожидание погрузки,0,2024-01-02 02:53,2024-01-02 04:35,102.0
10,Погрузка,0,2024-01-02 04:35,2024-01-02 04:40,5.0
10,Движение на разгрузку,,2024-01-02 04:40,2024-01-02 05:16,36.0
5,Движение на погрузку,,2024-01-02 04:43,2024-01-02 05:21,38.0
12,Ожидание погрузки,0,2024-01-02 03:05,2024-01-02 04:40,95.0
12,Погрузка,0,2024-01-02 04:40,2024-01-02 04:45,5.0
12,Движение на разгрузку,,2024-01-02 04:45,2024-01-02 05:21,36.0
22,Движение на погрузку,,2024-01-02 04:45,2024-01-02 05:22,37.0
32,Движение на погрузку,,2024-01-02 04:46,2024-01-02 05:29,43.0
35,Ожидание погрузки,0,2024-01-02 03:07,2024-01-02 04:45,98.0
35,Погрузка,0,2024-01-02 04:45,2024-01-02 04:50,5.0
35,Движение на разгрузку,,2024-01-02 04:50,2024-01-02 05:32,42.0
14,Движение на погрузку,,2024-01-02 04:54,2024-01-02 05:30,36.0
6,Ожидание погрузки,0,2024-01-02 03:10,2024-01-02 04:50,100.0
6,Погрузка,0,2024-01-02 04:50,2024-01-02 04:55,5.0
6,Движение на разгрузку,,2024-01-02 04:55,2024-01-02 05:35,40.0
0,Движение на погрузку,,2024-01-02 04:57,2024-01-02 05:33,36.0
30,Ожидание погрузки,0,2024-01-02 03:19,2024-01-02 04:55,96.0
30,Погрузка,0,2024-01-02 04:55,2024-01-02 05:00,5.0
30,Движение на разгрузку,,2024-01-02 05:00,2024-01-02 05:37,37.0
3,Ожидание погрузки,0,2024-01-02 03:25,2024-01-02 05:00,95.0
3,Погрузка,0,2024-01-02 05:00,2024-01-02 05:05,5.0
3,Движение на разгрузку,,2024-01-02 05:05,2024-01-02 05:44,39.0
34,Ожидание погрузки,0,2024-01-02 03:29,2024-01-02 05:05,96.0
34,Погрузка,0,2024-01-02 05:05,2024-01-02 05:10,5.0
34,Движение на разгрузку,,2024-01-02 05:10,2024-01-02 05:48,38.0
9,Ожидание погрузки,0,2024-01-02 03:32,2024-01-02 05:10,98.0
9,Погрузка,0,2024-01-02 05:10,2024-01-02 05:15,5.0
9,Движение на разгрузку,,2024-01-02 05:15,2024-01-02 05:55,40.0
17,Ожидание погрузки,0,2024-01-02 03:33,2024-01-02 05:15,102.0
17,Погрузка,0,2024-01-02 05:15,2024-01-02 05:20,5.0
17,Движение на разгрузку,,2024-01-02 05:20,2024-01-02 05:56,36.0
19,Ожидание погрузки,0,2024-01-02 03:42,2024-01-02 05:20,98.0
19,Погрузка,0,2024-01-02 05:20,2024-01-02 05:25,5.0
19,Движение на разгрузку,,2024-01-02 05:25,2024-01-02 06:06,41.0
11,Ожидание погрузки,0,2024-01-02 03:43,2024-01-02 05:25,102.0
11,Погрузка,0,2024-01-02 05:25,2024-01-02 05:30,5.0
11,Движение на разгрузку,,2024-01-02 05:30,2024-01-02 06:05,35.0
18,Ожидание погрузки,0,2024-01-02 03:48,2024-01-02 05:30,102.0
18,Погрузка,0,2024-01-02 05:30,2024-01-02 05:35,5.0
18,Движение на разгрузку,,2024-01-02 05:35,2024-01-02 06:14,39.0
2,Ожидание погрузки,0,2024-01-02 03:55,2024-01-02 05:35,100.0
2,Погрузка,0,2024-01-02 05:35,2024-01-02 05:40,5.0
2,Движение на разгрузку,,2024-01-02 05:40,2024-01-02 06:22,42.0
8,Ожидание погрузки,0,2024-01-02 04:01,2024-01-02 05:40,99.0
8,Погрузка,0,2024-01-02 05:40,2024-01-02 05:45,5.0
8,Движение на разгрузку,,2024-01-02 05:45,2024-01-02 06:22,37.0
25,Ожидание погрузки,0,2024-01-02 04:09,2024-01-02 05:45,96.0
25,Погрузка,0,2024-01-02 05:45,2024-01-02 05:50,5.0
25,Движение на разгрузку,,2024-01-02 05:50,2024-01-02 06:29,39.0
1,Ожидание погрузки,0,2024-01-02 04:11,2024-01-02 05:50,99.0
1,Погрузка,0,2024-01-02 05:50,2024-01-02 05:55,5.0
1,Движение на разгрузку,,2024-01-02 05:55,2024-01-02 06:38,43.0
29,Ожидание погрузки,0,2024-01-02 04:15,2024-01-02 05:55,100.0
29,Погрузка,0,2024-01-02 05:55,2024-01-02 06:00,5.0
29,Движение на разгрузку,,2024-01-02 06:00,2024-01-02 06:36,36.0
21,Ожидание погрузки,0,2024-01-02 04:25,2024-01-02 06:00,95.0
21,Погрузка,0,2024-01-02 06:00,2024-01-02 06:05,5.0
21,Движение на разгрузку,,2024-01-02 06:05,2024-01-02 06:41,36.0
23,Ожидание погрузки,0,2024-01-02 04:27,2024-01-02 06:05,98.0
23,Погрузка,0,2024-01-02 06:05,2024-01-02 06:10,5.0
23,Движение на разгрузку,,2024-01-02 06:10,2024-01-02 06:51,41.0
20,Ожидание погрузки,0,2024-01-02 04:31,2024-01-02 06:10,99.0
20,Погрузка,0,2024-01-02 06:10,2024-01-02 06:15,5.0
20,Движение на разгрузку,,2024-01-02 06:15,2024-01-02 06:57,42.0
24,Ожидание погрузки,0,2024-01-02 04:40,2024-01-02 06:15,95.0
24,Погрузка,0,2024-01-02 06:15,2024-01-02 06:20,5.0
24,Движение на разгрузку,,2024-01-02 06:20,2024-01-02 06:58,38.0
7,Ожидание погрузки,0,2024-01-02 04:43,2024-01-02 06:20,97.0
7,Погрузка,0,2024-01-02 06:20,2024-01-02 06:25,5.0
7,Движение на разгрузку,,2024-01-02 06:25,2024-01-02 07:05,40.0
